Date,Dividends,Stock Splits,name
2002-09-04 00:00:00+05:30,1.454228,0.0,Adani Enterprises Ltd.
2003-09-04 00:00:00+05:30,1.454228,0.0,Adani Enterprises Ltd.
2004-06-28 00:00:00+05:30,1.93897,0.0,Adani Enterprises Ltd.
2005-08-05 00:00:00+05:30,0.193897,0.0,Adani Enterprises Ltd.
2006-07-24 00:00:00+05:30,0.218134,0.0,Adani Enterprises Ltd.
2007-03-22 00:00:00+05:30,0.218134,0.0,Adani Enterprises Ltd.
2008-09-18 00:00:00+05:30,0.290846,0.0,Adani Enterprises Ltd.
2009-08-20 00:00:00+05:30,0.484743,0.0,Adani Enterprises Ltd.
2009-12-10 00:00:00+05:30,0.0,2.0,Adani Enterprises Ltd.
2010-08-12 00:00:00+05:30,0.969485,0.0,Adani Enterprises Ltd.
2011-08-03 00:00:00+05:30,0.969485,0.0,Adani Enterprises Ltd.
2012-08-02 00:00:00+05:30,0.969485,0.0,Adani Enterprises Ltd.
2013-07-30 00:00:00+05:30,1.357279,0.0,Adani Enterprises Ltd.
2014-07-31 00:00:00+05:30,1.357279,0.0,Adani Enterprises Ltd.
2015-07-31 00:00:00+05:30,1.357279,0.0,Adani Enterprises Ltd.
2016-03-22 00:00:00+05:30,0.387794,0.0,Adani Enterprises Ltd.
2017-07-31 00:00:00+05:30,0.387794,0.0,Adani Enterprises Ltd.
2018-07-27 00:00:00+05:30,0.387794,0.0,Adani Enterprises Ltd.
2019-07-29 00:00:00+05:30,0.387794,0.0,Adani Enterprises Ltd.
2020-03-23 00:00:00+05:30,0.969485,0.0,Adani Enterprises Ltd.
2021-07-01 00:00:00+05:30,0.969485,0.0,Adani Enterprises Ltd.
2022-07-14 00:00:00+05:30,0.969485,0.0,Adani Enterprises Ltd.
2023-07-07 00:00:00+05:30,1.163382,0.0,Adani Enterprises Ltd.
2024-06-14 00:00:00+05:30,1.260331,0.0,Adani Enterprises Ltd.
2025-06-13 00:00:00+05:30,1.260331,0.0,Adani Enterprises Ltd.
2008-09-12 00:00:00+05:30,0.3,0.0,Adani Ports and Special Economic Zone Ltd.
2009-02-18 00:00:00+05:30,0.4,0.0,Adani Ports and Special Economic Zone Ltd.
2009-08-17 00:00:00+05:30,0.2,0.0,Adani Ports and Special Economic Zone Ltd.
2010-02-03 00:00:00+05:30,0.5,0.0,Adani Ports and Special Economic Zone Ltd.
2010-08-09 00:00:00+05:30,0.3,0.0,Adani Ports and Special Economic Zone Ltd.
2010-09-23 00:00:00+05:30,0.0,5.0,Adani Ports and Special Economic Zone Ltd.
2011-02-14 00:00:00+05:30,0.5,0.0,Adani Ports and Special Economic Zone Ltd.
2011-05-05 00:00:00+05:30,0.4,0.0,Adani Ports and Special Economic Zone Ltd.
2012-02-13 00:00:00+05:30,0.3,0.0,Adani Ports and Special Economic Zone Ltd.
2012-07-30 00:00:00+05:30,0.7,0.0,Adani Ports and Special Economic Zone Ltd.
2013-07-30 00:00:00+05:30,1.0,0.0,Adani Ports and Special Economic Zone Ltd.
2014-07-31 00:00:00+05:30,1.0,0.0,Adani Ports and Special Economic Zone Ltd.
2015-05-22 00:00:00+05:30,1.1,0.0,Adani Ports and Special Economic Zone Ltd.
2016-03-22 00:00:00+05:30,1.1,0.0,Adani Ports and Special Economic Zone Ltd.
2017-07-31 00:00:00+05:30,1.3,0.0,Adani Ports and Special Economic Zone Ltd.
2018-07-26 00:00:00+05:30,2.0,0.0,Adani Ports and Special Economic Zone Ltd.
2019-07-26 00:00:00+05:30,0.2,0.0,Adani Ports and Special Economic Zone Ltd.
2020-03-16 00:00:00+05:30,3.2,0.0,Adani Ports and Special Economic Zone Ltd.
2021-06-24 00:00:00+05:30,5.0,0.0,Adani Ports and Special Economic Zone Ltd.
2022-07-14 00:00:00+05:30,5.0,0.0,Adani Ports and Special Economic Zone Ltd.
2023-07-28 00:00:00+05:30,5.0,0.0,Adani Ports and Special Economic Zone Ltd.
2024-06-14 00:00:00+05:30,6.0,0.0,Adani Ports and Special Economic Zone Ltd.
2025-06-13 00:00:00+05:30,7.0,0.0,Adani Ports and Special Economic Zone Ltd.
2002-09-02 00:00:00+05:30,1.25,0.0,Apollo Hospitals Enterprise Ltd.
2003-08-11 00:00:00+05:30,1.5,0.0,Apollo Hospitals Enterprise Ltd.
2004-08-30 00:00:00+05:30,1.75,0.0,Apollo Hospitals Enterprise Ltd.
2005-07-29 00:00:00+05:30,2.0,0.0,Apollo Hospitals Enterprise Ltd.
2006-07-27 00:00:00+05:30,2.25,0.0,Apollo Hospitals Enterprise Ltd.
2007-03-22 00:00:00+05:30,1.5,0.0,Apollo Hospitals Enterprise Ltd.
2007-08-09 00:00:00+05:30,1.0,0.0,Apollo Hospitals Enterprise Ltd.
2008-08-11 00:00:00+05:30,3.0,0.0,Apollo Hospitals Enterprise Ltd.
2009-08-20 00:00:00+05:30,3.25,0.0,Apollo Hospitals Enterprise Ltd.
2010-07-15 00:00:00+05:30,3.5,0.0,Apollo Hospitals Enterprise Ltd.
2010-09-02 00:00:00+05:30,0.0,2.0,Apollo Hospitals Enterprise Ltd.
2011-07-07 00:00:00+05:30,3.75,0.0,Apollo Hospitals Enterprise Ltd.
2012-07-26 00:00:00+05:30,4.0,0.0,Apollo Hospitals Enterprise Ltd.
2013-07-25 00:00:00+05:30,5.5,0.0,Apollo Hospitals Enterprise Ltd.
2014-08-13 00:00:00+05:30,5.75,0.0,Apollo Hospitals Enterprise Ltd.
2015-07-30 00:00:00+05:30,5.75,0.0,Apollo Hospitals Enterprise Ltd.
2016-03-22 00:00:00+05:30,6.0,0.0,Apollo Hospitals Enterprise Ltd.
2017-09-07 00:00:00+05:30,6.0,0.0,Apollo Hospitals Enterprise Ltd.
2018-09-12 00:00:00+05:30,5.0,0.0,Apollo Hospitals Enterprise Ltd.
2019-09-12 00:00:00+05:30,6.0,0.0,Apollo Hospitals Enterprise Ltd.
2020-02-25 00:00:00+05:30,3.25,0.0,Apollo Hospitals Enterprise Ltd.
2020-09-17 00:00:00+05:30,2.75,0.0,Apollo Hospitals Enterprise Ltd.
2021-08-18 00:00:00+05:30,3.0,0.0,Apollo Hospitals Enterprise Ltd.
2022-08-18 00:00:00+05:30,11.75,0.0,Apollo Hospitals Enterprise Ltd.
2023-02-24 00:00:00+05:30,6.0,0.0,Apollo Hospitals Enterprise Ltd.
2023-08-18 00:00:00+05:30,9.0,0.0,Apollo Hospitals Enterprise Ltd.
2024-02-20 00:00:00+05:30,6.0,0.0,Apollo Hospitals Enterprise Ltd.
2024-08-16 00:00:00+05:30,10.0,0.0,Apollo Hospitals Enterprise Ltd.
2025-02-14 00:00:00+05:30,9.0,0.0,Apollo Hospitals Enterprise Ltd.
2025-08-19 00:00:00+05:30,10.0,0.0,Apollo Hospitals Enterprise Ltd.
2026-02-16 00:00:00+05:30,10.0,0.0,Apollo Hospitals Enterprise Ltd.
2002-07-11 00:00:00+05:30,0.366667,0.0,Asian Paints Ltd.
2002-10-21 00:00:00+05:30,0.3,0.0,Asian Paints Ltd.
2003-07-09 00:00:00+05:30,0.433333,0.0,Asian Paints Ltd.
2003-08-22 00:00:00+05:30,0.0,1.5,Asian Paints Ltd.
2003-11-07 00:00:00+05:30,0.35,0.0,Asian Paints Ltd.
2004-06-16 00:00:00+05:30,0.5,0.0,Asian Paints Ltd.
2004-11-01 00:00:00+05:30,0.4,0.0,Asian Paints Ltd.
2005-06-22 00:00:00+05:30,0.55,0.0,Asian Paints Ltd.
2005-10-31 00:00:00+05:30,0.45,0.0,Asian Paints Ltd.
2006-06-15 00:00:00+05:30,0.8,0.0,Asian Paints Ltd.
2006-11-03 00:00:00+05:30,0.55,0.0,Asian Paints Ltd.
2007-03-20 00:00:00+05:30,0.65,0.0,Asian Paints Ltd.
2007-06-13 00:00:00+05:30,0.1,0.0,Asian Paints Ltd.
2007-10-25 00:00:00+05:30,0.65,0.0,Asian Paints Ltd.
2008-06-12 00:00:00+05:30,1.05,0.0,Asian Paints Ltd.
2008-10-29 00:00:00+05:30,0.65,0.0,Asian Paints Ltd.
2009-06-17 00:00:00+05:30,1.1,0.0,Asian Paints Ltd.
2009-10-26 00:00:00+05:30,0.85,0.0,Asian Paints Ltd.
2010-06-30 00:00:00+05:30,1.85,0.0,Asian Paints Ltd.
2010-10-29 00:00:00+05:30,0.85,0.0,Asian Paints Ltd.
2011-06-09 00:00:00+05:30,2.35,0.0,Asian Paints Ltd.
2011-10-25 00:00:00+05:30,0.95,0.0,Asian Paints Ltd.
2012-06-07 00:00:00+05:30,3.05,0.0,Asian Paints Ltd.
2012-10-29 00:00:00+05:30,0.95,0.0,Asian Paints Ltd.
2013-06-06 00:00:00+05:30,3.65,0.0,Asian Paints Ltd.
2013-07-30 00:00:00+05:30,0.0,10.0,Asian Paints Ltd.
2013-10-24 00:00:00+05:30,1.1,0.0,Asian Paints Ltd.
2014-06-16 00:00:00+05:30,4.2,0.0,Asian Paints Ltd.
2014-09-22 00:00:00+05:30,1.8,0.0,Asian Paints Ltd.
2015-06-24 00:00:00+05:30,4.3,0.0,Asian Paints Ltd.
2015-10-28 00:00:00+05:30,2.2,0.0,Asian Paints Ltd.
2016-06-16 00:00:00+05:30,5.3,0.0,Asian Paints Ltd.
2016-11-01 00:00:00+05:30,2.65,0.0,Asian Paints Ltd.
2017-06-15 00:00:00+05:30,7.65,0.0,Asian Paints Ltd.
2017-10-31 00:00:00+05:30,2.65,0.0,Asian Paints Ltd.
2018-06-14 00:00:00+05:30,6.05,0.0,Asian Paints Ltd.
2018-10-29 00:00:00+05:30,2.85,0.0,Asian Paints Ltd.
2019-06-13 00:00:00+05:30,7.65,0.0,Asian Paints Ltd.
2019-10-30 00:00:00+05:30,3.35,0.0,Asian Paints Ltd.
2020-03-03 00:00:00+05:30,7.15,0.0,Asian Paints Ltd.
2020-07-23 00:00:00+05:30,1.5,0.0,Asian Paints Ltd.
2020-10-28 00:00:00+05:30,3.35,0.0,Asian Paints Ltd.
2021-06-10 00:00:00+05:30,14.5,0.0,Asian Paints Ltd.
2021-10-28 00:00:00+05:30,3.65,0.0,Asian Paints Ltd.
2022-06-09 00:00:00+05:30,15.5,0.0,Asian Paints Ltd.
2022-10-31 00:00:00+05:30,4.4,0.0,Asian Paints Ltd.
2023-06-09 00:00:00+05:30,21.25,0.0,Asian Paints Ltd.
2023-11-03 00:00:00+05:30,5.15,0.0,Asian Paints Ltd.
2024-06-11 00:00:00+05:30,28.15,0.0,Asian Paints Ltd.
2024-11-19 00:00:00+05:30,4.25,0.0,Asian Paints Ltd.
2025-06-10 00:00:00+05:30,20.55,0.0,Asian Paints Ltd.
2025-11-18 00:00:00+05:30,4.5,0.0,Asian Paints Ltd.
1999-06-16 00:00:00+05:30,0.2,0.0,Axis Bank Ltd.
2000-04-28 00:00:00+05:30,0.24,0.0,Axis Bank Ltd.
2001-06-04 00:00:00+05:30,0.3,0.0,Axis Bank Ltd.
2002-06-26 00:00:00+05:30,0.4,0.0,Axis Bank Ltd.
2003-06-09 00:00:00+05:30,0.44,0.0,Axis Bank Ltd.
2004-05-28 00:00:00+05:30,0.5,0.0,Axis Bank Ltd.
2005-05-20 00:00:00+05:30,0.56,0.0,Axis Bank Ltd.
2006-05-16 00:00:00+05:30,0.7,0.0,Axis Bank Ltd.
2007-05-17 00:00:00+05:30,0.9,0.0,Axis Bank Ltd.
2008-05-22 00:00:00+05:30,1.2,0.0,Axis Bank Ltd.
2009-05-14 00:00:00+05:30,2.0,0.0,Axis Bank Ltd.
2010-05-20 00:00:00+05:30,2.4,0.0,Axis Bank Ltd.
2011-06-08 00:00:00+05:30,2.8,0.0,Axis Bank Ltd.
2012-06-14 00:00:00+05:30,3.2,0.0,Axis Bank Ltd.
2013-07-05 00:00:00+05:30,3.6,0.0,Axis Bank Ltd.
2014-06-12 00:00:00+05:30,4.0,0.0,Axis Bank Ltd.
2014-07-28 00:00:00+05:30,0.0,5.0,Axis Bank Ltd.
2015-07-09 00:00:00+05:30,4.6,0.0,Axis Bank Ltd.
2016-07-07 00:00:00+05:30,5.0,0.0,Axis Bank Ltd.
2017-07-06 00:00:00+05:30,5.0,0.0,Axis Bank Ltd.
2019-07-04 00:00:00+05:30,1.0,0.0,Axis Bank Ltd.
2022-07-07 00:00:00+05:30,1.0,0.0,Axis Bank Ltd.
2023-07-07 00:00:00+05:30,1.0,0.0,Axis Bank Ltd.
2024-07-12 00:00:00+05:30,1.0,0.0,Axis Bank Ltd.
2025-07-04 00:00:00+05:30,1.0,0.0,Axis Bank Ltd.
2008-06-27 00:00:00+05:30,10.0,0.0,Bajaj Auto Ltd.
2009-07-02 00:00:00+05:30,11.0,0.0,Bajaj Auto Ltd.
2010-07-08 00:00:00+05:30,20.0,0.0,Bajaj Auto Ltd.
2010-09-08 00:00:00+05:30,0.0,2.0,Bajaj Auto Ltd.
2011-06-29 00:00:00+05:30,40.0,0.0,Bajaj Auto Ltd.
2012-07-05 00:00:00+05:30,45.0,0.0,Bajaj Auto Ltd.
2013-07-04 00:00:00+05:30,45.0,0.0,Bajaj Auto Ltd.
2014-07-03 00:00:00+05:30,50.0,0.0,Bajaj Auto Ltd.
2015-07-09 00:00:00+05:30,50.0,0.0,Bajaj Auto Ltd.
2016-03-16 00:00:00+05:30,50.0,0.0,Bajaj Auto Ltd.
2016-07-14 00:00:00+05:30,5.0,0.0,Bajaj Auto Ltd.
2017-07-06 00:00:00+05:30,55.0,0.0,Bajaj Auto Ltd.
2018-07-05 00:00:00+05:30,60.0,0.0,Bajaj Auto Ltd.
2019-07-11 00:00:00+05:30,60.0,0.0,Bajaj Auto Ltd.
2020-03-03 00:00:00+05:30,120.0,0.0,Bajaj Auto Ltd.
2021-07-08 00:00:00+05:30,140.0,0.0,Bajaj Auto Ltd.
2022-06-30 00:00:00+05:30,140.0,0.0,Bajaj Auto Ltd.
2023-06-30 00:00:00+05:30,140.0,0.0,Bajaj Auto Ltd.
2024-06-14 00:00:00+05:30,80.0,0.0,Bajaj Auto Ltd.
2025-06-20 00:00:00+05:30,210.0,0.0,Bajaj Auto Ltd.
2003-07-10 00:00:00+05:30,0.043721,0.0,Bajaj Finance Ltd.
2004-07-15 00:00:00+05:30,0.058295,0.0,Bajaj Finance Ltd.
2005-06-29 00:00:00+05:30,0.072869,0.0,Bajaj Finance Ltd.
2006-06-29 00:00:00+05:30,0.038863,0.0,Bajaj Finance Ltd.
2007-06-28 00:00:00+05:30,0.029147,0.0,Bajaj Finance Ltd.
2008-06-27 00:00:00+05:30,0.009716,0.0,Bajaj Finance Ltd.
2009-06-29 00:00:00+05:30,0.019432,0.0,Bajaj Finance Ltd.
2010-07-08 00:00:00+05:30,0.058295,0.0,Bajaj Finance Ltd.
2011-06-29 00:00:00+05:30,0.097158,0.0,Bajaj Finance Ltd.
2012-07-05 00:00:00+05:30,0.11659,0.0,Bajaj Finance Ltd.
2013-07-04 00:00:00+05:30,0.15,0.0,Bajaj Finance Ltd.
2014-07-03 00:00:00+05:30,0.16,0.0,Bajaj Finance Ltd.
2015-07-09 00:00:00+05:30,0.18,0.0,Bajaj Finance Ltd.
2016-03-16 00:00:00+05:30,0.18,0.0,Bajaj Finance Ltd.
2016-07-14 00:00:00+05:30,0.07,0.0,Bajaj Finance Ltd.
2016-09-08 00:00:00+05:30,0.0,5.0,Bajaj Finance Ltd.
2017-07-06 00:00:00+05:30,0.36,0.0,Bajaj Finance Ltd.
2018-07-05 00:00:00+05:30,0.4,0.0,Bajaj Finance Ltd.
2019-07-11 00:00:00+05:30,0.6,0.0,Bajaj Finance Ltd.
2020-03-03 00:00:00+05:30,1.0,0.0,Bajaj Finance Ltd.
2021-07-08 00:00:00+05:30,1.0,0.0,Bajaj Finance Ltd.
2022-06-30 00:00:00+05:30,2.0,0.0,Bajaj Finance Ltd.
2023-06-30 00:00:00+05:30,3.0,0.0,Bajaj Finance Ltd.
2024-06-21 00:00:00+05:30,3.6,0.0,Bajaj Finance Ltd.
2025-05-09 00:00:00+05:30,1.2,0.0,Bajaj Finance Ltd.
2025-05-30 00:00:00+05:30,4.4,0.0,Bajaj Finance Ltd.
2025-06-16 00:00:00+05:30,0.0,2.0,Bajaj Finance Ltd.
2008-06-27 00:00:00+05:30,0.098246,0.0,Bajaj Finserv Ltd.
2009-07-02 00:00:00+05:30,0.098246,0.0,Bajaj Finserv Ltd.
2010-07-08 00:00:00+05:30,0.098246,0.0,Bajaj Finserv Ltd.
2011-06-29 00:00:00+05:30,0.122808,0.0,Bajaj Finserv Ltd.
2012-07-05 00:00:00+05:30,0.147369,0.0,Bajaj Finserv Ltd.
2013-07-04 00:00:00+05:30,0.15,0.0,Bajaj Finserv Ltd.
2014-07-03 00:00:00+05:30,0.175,0.0,Bajaj Finserv Ltd.
2015-07-09 00:00:00+05:30,0.175,0.0,Bajaj Finserv Ltd.
2016-03-16 00:00:00+05:30,0.175,0.0,Bajaj Finserv Ltd.
2017-07-06 00:00:00+05:30,0.175,0.0,Bajaj Finserv Ltd.
2018-07-05 00:00:00+05:30,0.175,0.0,Bajaj Finserv Ltd.
2019-07-11 00:00:00+05:30,0.25,0.0,Bajaj Finserv Ltd.
2020-03-03 00:00:00+05:30,0.5,0.0,Bajaj Finserv Ltd.
2021-07-08 00:00:00+05:30,0.3,0.0,Bajaj Finserv Ltd.
2022-06-30 00:00:00+05:30,0.4,0.0,Bajaj Finserv Ltd.
2022-09-13 00:00:00+05:30,0.0,5.0,Bajaj Finserv Ltd.
2023-06-30 00:00:00+05:30,0.8,0.0,Bajaj Finserv Ltd.
2024-06-21 00:00:00+05:30,1.0,0.0,Bajaj Finserv Ltd.
2025-06-27 00:00:00+05:30,1.0,0.0,Bajaj Finserv Ltd.
2002-09-12 00:00:00+05:30,0.050505,0.0,Bharat Electronics Ltd.
2003-08-29 00:00:00+05:30,0.070707,0.0,Bharat Electronics Ltd.
2004-09-07 00:00:00+05:30,0.10101,0.0,Bharat Electronics Ltd.
2004-12-07 00:00:00+05:30,0.040404,0.0,Bharat Electronics Ltd.
2005-08-31 00:00:00+05:30,0.072727,0.0,Bharat Electronics Ltd.
2005-10-31 00:00:00+05:30,0.040404,0.0,Bharat Electronics Ltd.
2006-09-01 00:00:00+05:30,0.107071,0.0,Bharat Electronics Ltd.
2007-01-25 00:00:00+05:30,0.040404,0.0,Bharat Electronics Ltd.
2007-09-07 00:00:00+05:30,0.141414,0.0,Bharat Electronics Ltd.
2008-01-30 00:00:00+05:30,0.060606,0.0,Bharat Electronics Ltd.
2008-09-12 00:00:00+05:30,0.148485,0.0,Bharat Electronics Ltd.
2009-01-28 00:00:00+05:30,0.060606,0.0,Bharat Electronics Ltd.
2009-09-14 00:00:00+05:30,0.128283,0.0,Bharat Electronics Ltd.
2010-02-03 00:00:00+05:30,0.060606,0.0,Bharat Electronics Ltd.
2010-09-13 00:00:00+05:30,0.133333,0.0,Bharat Electronics Ltd.
2011-02-02 00:00:00+05:30,0.060606,0.0,Bharat Electronics Ltd.
2011-09-13 00:00:00+05:30,0.157576,0.0,Bharat Electronics Ltd.
2012-02-01 00:00:00+05:30,0.10101,0.0,Bharat Electronics Ltd.
2012-09-07 00:00:00+05:30,0.109091,0.0,Bharat Electronics Ltd.
2013-01-30 00:00:00+05:30,0.060606,0.0,Bharat Electronics Ltd.
2013-09-06 00:00:00+05:30,0.164646,0.0,Bharat Electronics Ltd.
2014-01-29 00:00:00+05:30,0.060606,0.0,Bharat Electronics Ltd.
2014-09-12 00:00:00+05:30,0.174747,0.0,Bharat Electronics Ltd.
2015-01-28 00:00:00+05:30,0.060606,0.0,Bharat Electronics Ltd.
2015-08-10 00:00:00+05:30,0.234343,0.0,Bharat Electronics Ltd.
2015-09-14 00:00:00+05:30,0.0,3.0,Bharat Electronics Ltd.
2016-02-04 00:00:00+05:30,0.075758,0.0,Bharat Electronics Ltd.
2016-08-18 00:00:00+05:30,0.439394,0.0,Bharat Electronics Ltd.
2017-02-02 00:00:00+05:30,0.090909,0.0,Bharat Electronics Ltd.
2017-03-16 00:00:00+05:30,0.0,10.0,Bharat Electronics Ltd.
2017-03-29 00:00:00+05:30,0.272727,0.0,Bharat Electronics Ltd.
2017-08-14 00:00:00+05:30,0.318182,0.0,Bharat Electronics Ltd.
2017-09-28 00:00:00+05:30,0.0,1.1,Bharat Electronics Ltd.
2018-02-08 00:00:00+05:30,0.533333,0.0,Bharat Electronics Ltd.
2018-08-20 00:00:00+05:30,0.133333,0.0,Bharat Electronics Ltd.
2019-02-08 00:00:00+05:30,0.1,0.0,Bharat Electronics Ltd.
2019-03-27 00:00:00+05:30,0.233333,0.0,Bharat Electronics Ltd.
2019-08-20 00:00:00+05:30,0.566667,0.0,Bharat Electronics Ltd.
2020-02-11 00:00:00+05:30,0.466667,0.0,Bharat Electronics Ltd.
2020-09-15 00:00:00+05:30,0.466667,0.0,Bharat Electronics Ltd.
2021-02-08 00:00:00+05:30,0.466667,0.0,Bharat Electronics Ltd.
2021-03-23 00:00:00+05:30,0.466667,0.0,Bharat Electronics Ltd.
2021-09-14 00:00:00+05:30,0.4,0.0,Bharat Electronics Ltd.
2022-02-09 00:00:00+05:30,0.5,0.0,Bharat Electronics Ltd.
2022-03-24 00:00:00+05:30,0.5,0.0,Bharat Electronics Ltd.
2022-08-08 00:00:00+05:30,0.5,0.0,Bharat Electronics Ltd.
2022-09-15 00:00:00+05:30,0.0,3.0,Bharat Electronics Ltd.
2023-02-10 00:00:00+05:30,0.6,0.0,Bharat Electronics Ltd.
2023-03-24 00:00:00+05:30,0.6,0.0,Bharat Electronics Ltd.
2023-08-17 00:00:00+05:30,0.6,0.0,Bharat Electronics Ltd.
2024-02-09 00:00:00+05:30,0.7,0.0,Bharat Electronics Ltd.
2024-03-22 00:00:00+05:30,0.7,0.0,Bharat Electronics Ltd.
2024-08-14 00:00:00+05:30,0.8,0.0,Bharat Electronics Ltd.
2025-03-11 00:00:00+05:30,1.5,0.0,Bharat Electronics Ltd.
2025-08-14 00:00:00+05:30,0.9,0.0,Bharat Electronics Ltd.
2026-03-06 00:00:00+05:30,1.95,0.0,Bharat Electronics Ltd.
2009-07-24 00:00:00+05:30,0.901257,2.0,Bharti Airtel Ltd.
2010-08-18 00:00:00+05:30,0.901257,0.0,Bharti Airtel Ltd.
2011-08-17 00:00:00+05:30,0.901257,0.0,Bharti Airtel Ltd.
2012-08-16 00:00:00+05:30,0.901257,0.0,Bharti Airtel Ltd.
2013-05-23 00:00:00+05:30,0.901257,0.0,Bharti Airtel Ltd.
2014-08-21 00:00:00+05:30,3.091312,0.0,Bharti Airtel Ltd.
2015-08-13 00:00:00+05:30,2.000791,0.0,Bharti Airtel Ltd.
2016-08-11 00:00:00+05:30,1.22571,0.0,Bharti Airtel Ltd.
2017-07-13 00:00:00+05:30,0.901257,0.0,Bharti Airtel Ltd.
2018-01-30 00:00:00+05:30,2.559571,0.0,Bharti Airtel Ltd.
2018-08-02 00:00:00+05:30,2.253143,0.0,Bharti Airtel Ltd.
2018-11-05 00:00:00+05:30,2.253143,0.0,Bharti Airtel Ltd.
2020-08-06 00:00:00+05:30,1.963142,0.0,Bharti Airtel Ltd.
2022-08-01 00:00:00+05:30,3.0,0.0,Bharti Airtel Ltd.
2023-08-11 00:00:00+05:30,4.0,0.0,Bharti Airtel Ltd.
2024-08-07 00:00:00+05:30,8.0,0.0,Bharti Airtel Ltd.
2025-07-18 00:00:00+05:30,16.0,0.0,Bharti Airtel Ltd.
1997-07-28 00:00:00+05:30,0.093333,0.0,Cipla Ltd.
1998-08-05 00:00:00+05:30,0.146667,0.0,Cipla Ltd.
1999-07-26 00:00:00+05:30,0.2,0.0,Cipla Ltd.
1999-10-18 00:00:00+05:30,0.0,3.0,Cipla Ltd.
2000-04-03 00:00:00+05:30,0.44,0.0,Cipla Ltd.
2001-08-06 00:00:00+05:30,0.36,0.0,Cipla Ltd.
2002-08-14 00:00:00+05:30,0.56,0.0,Cipla Ltd.
2003-08-22 00:00:00+05:30,0.8,0.0,Cipla Ltd.
2004-05-11 00:00:00+05:30,0.0,5.0,Cipla Ltd.
2004-08-19 00:00:00+05:30,1.2,0.0,Cipla Ltd.
2005-08-19 00:00:00+05:30,1.4,0.0,Cipla Ltd.
2006-04-24 00:00:00+05:30,0.0,2.5,Cipla Ltd.
2006-08-18 00:00:00+05:30,2.0,0.0,Cipla Ltd.
2007-08-08 00:00:00+05:30,2.0,0.0,Cipla Ltd.
2008-08-12 00:00:00+05:30,2.0,0.0,Cipla Ltd.
2009-08-10 00:00:00+05:30,2.0,0.0,Cipla Ltd.
2010-07-23 00:00:00+05:30,2.0,0.0,Cipla Ltd.
2010-09-03 00:00:00+05:30,0.8,0.0,Cipla Ltd.
2011-08-09 00:00:00+05:30,2.0,0.0,Cipla Ltd.
2012-08-01 00:00:00+05:30,2.0,0.0,Cipla Ltd.
2013-08-06 00:00:00+05:30,2.0,0.0,Cipla Ltd.
2014-08-06 00:00:00+05:30,2.0,0.0,Cipla Ltd.
2015-08-11 00:00:00+05:30,2.0,0.0,Cipla Ltd.
2016-09-12 00:00:00+05:30,2.0,0.0,Cipla Ltd.
2017-07-26 00:00:00+05:30,2.0,0.0,Cipla Ltd.
2018-08-13 00:00:00+05:30,3.0,0.0,Cipla Ltd.
2019-07-31 00:00:00+05:30,3.0,0.0,Cipla Ltd.
2020-03-19 00:00:00+05:30,4.0,0.0,Cipla Ltd.
2021-08-09 00:00:00+05:30,5.0,0.0,Cipla Ltd.
2022-08-08 00:00:00+05:30,5.0,0.0,Cipla Ltd.
2023-07-21 00:00:00+05:30,8.5,0.0,Cipla Ltd.
2024-08-02 00:00:00+05:30,13.0,0.0,Cipla Ltd.
2025-06-27 00:00:00+05:30,16.0,0.0,Cipla Ltd.
2011-02-18 00:00:00+05:30,3.5,0.0,Coal India Ltd.
2011-09-08 00:00:00+05:30,0.4,0.0,Coal India Ltd.
2012-03-15 00:00:00+05:30,9.5,0.0,Coal India Ltd.
2012-09-06 00:00:00+05:30,0.5,0.0,Coal India Ltd.
2013-03-18 00:00:00+05:30,9.7,0.0,Coal India Ltd.
2013-09-06 00:00:00+05:30,4.3,0.0,Coal India Ltd.
2014-01-17 00:00:00+05:30,29.0,0.0,Coal India Ltd.
2015-03-03 00:00:00+05:30,20.7,0.0,Coal India Ltd.
2016-03-14 00:00:00+05:30,27.4,0.0,Coal India Ltd.
2017-03-14 00:00:00+05:30,18.75,0.0,Coal India Ltd.
2018-03-16 00:00:00+05:30,16.5,0.0,Coal India Ltd.
2018-12-28 00:00:00+05:30,7.25,0.0,Coal India Ltd.
2019-03-22 00:00:00+05:30,5.85,0.0,Coal India Ltd.
2020-03-19 00:00:00+05:30,12.0,0.0,Coal India Ltd.
2020-11-19 00:00:00+05:30,7.5,0.0,Coal India Ltd.
2021-03-15 00:00:00+05:30,5.0,0.0,Coal India Ltd.
2021-09-02 00:00:00+05:30,3.5,0.0,Coal India Ltd.
2021-12-06 00:00:00+05:30,9.0,0.0,Coal India Ltd.
2022-02-21 00:00:00+05:30,5.0,0.0,Coal India Ltd.
2022-08-11 00:00:00+05:30,3.0,0.0,Coal India Ltd.
2022-11-15 00:00:00+05:30,15.0,0.0,Coal India Ltd.
2023-02-08 00:00:00+05:30,5.25,0.0,Coal India Ltd.
2023-08-18 00:00:00+05:30,4.0,0.0,Coal India Ltd.
2023-11-21 00:00:00+05:30,15.25,0.0,Coal India Ltd.
2024-02-20 00:00:00+05:30,5.25,0.0,Coal India Ltd.
2024-08-16 00:00:00+05:30,5.0,0.0,Coal India Ltd.
2024-11-05 00:00:00+05:30,15.75,0.0,Coal India Ltd.
2025-01-31 00:00:00+05:30,5.6,0.0,Coal India Ltd.
2025-08-06 00:00:00+05:30,5.5,0.0,Coal India Ltd.
2025-08-21 00:00:00+05:30,5.15,0.0,Coal India Ltd.
2025-11-04 00:00:00+05:30,10.25,0.0,Coal India Ltd.
2026-02-18 00:00:00+05:30,5.5,0.0,Coal India Ltd.
2001-10-10 00:00:00+05:30,0.0,2.0,Dr. Reddy's Laboratories Ltd.
2003-08-08 00:00:00+05:30,0.5,0.0,Dr. Reddy's Laboratories Ltd.
2004-07-13 00:00:00+05:30,0.5,0.0,Dr. Reddy's Laboratories Ltd.
2005-07-07 00:00:00+05:30,0.5,0.0,Dr. Reddy's Laboratories Ltd.
2006-07-07 00:00:00+05:30,0.5,0.0,Dr. Reddy's Laboratories Ltd.
2006-08-28 00:00:00+05:30,0.0,2.0,Dr. Reddy's Laboratories Ltd.
2007-07-06 00:00:00+05:30,0.75,0.0,Dr. Reddy's Laboratories Ltd.
2008-07-04 00:00:00+05:30,0.75,0.0,Dr. Reddy's Laboratories Ltd.
2009-07-03 00:00:00+05:30,1.25,0.0,Dr. Reddy's Laboratories Ltd.
2010-07-02 00:00:00+05:30,2.25,0.0,Dr. Reddy's Laboratories Ltd.
2011-06-30 00:00:00+05:30,2.25,0.0,Dr. Reddy's Laboratories Ltd.
2012-06-28 00:00:00+05:30,2.75,0.0,Dr. Reddy's Laboratories Ltd.
2013-07-12 00:00:00+05:30,3.0,0.0,Dr. Reddy's Laboratories Ltd.
2014-07-11 00:00:00+05:30,3.6,0.0,Dr. Reddy's Laboratories Ltd.
2015-07-10 00:00:00+05:30,4.0,0.0,Dr. Reddy's Laboratories Ltd.
2016-07-18 00:00:00+05:30,4.0,0.0,Dr. Reddy's Laboratories Ltd.
2017-07-17 00:00:00+05:30,4.0,0.0,Dr. Reddy's Laboratories Ltd.
2018-07-16 00:00:00+05:30,4.0,0.0,Dr. Reddy's Laboratories Ltd.
2019-07-15 00:00:00+05:30,4.0,0.0,Dr. Reddy's Laboratories Ltd.
2020-07-13 00:00:00+05:30,5.0,0.0,Dr. Reddy's Laboratories Ltd.
2021-07-09 00:00:00+05:30,5.0,0.0,Dr. Reddy's Laboratories Ltd.
2022-07-11 00:00:00+05:30,6.0,0.0,Dr. Reddy's Laboratories Ltd.
2023-07-11 00:00:00+05:30,8.0,0.0,Dr. Reddy's Laboratories Ltd.
2024-07-16 00:00:00+05:30,8.0,0.0,Dr. Reddy's Laboratories Ltd.
2024-10-28 00:00:00+05:30,0.0,5.0,Dr. Reddy's Laboratories Ltd.
2025-07-10 00:00:00+05:30,8.0,0.0,Dr. Reddy's Laboratories Ltd.
1997-07-21 00:00:00+05:30,0.8,0.0,Eicher Motors Ltd.
1998-07-27 00:00:00+05:30,0.1,0.0,Eicher Motors Ltd.
1999-07-19 00:00:00+05:30,0.15,0.0,Eicher Motors Ltd.
2000-04-28 00:00:00+05:30,0.2,0.0,Eicher Motors Ltd.
2001-06-25 00:00:00+05:30,0.2,0.0,Eicher Motors Ltd.
2002-07-15 00:00:00+05:30,0.25,0.0,Eicher Motors Ltd.
2003-07-17 00:00:00+05:30,0.35,0.0,Eicher Motors Ltd.
2004-09-17 00:00:00+05:30,0.35,0.0,Eicher Motors Ltd.
2005-08-05 00:00:00+05:30,0.4,0.0,Eicher Motors Ltd.
2006-06-22 00:00:00+05:30,0.4,0.0,Eicher Motors Ltd.
2007-03-16 00:00:00+05:30,2.9,0.0,Eicher Motors Ltd.
2008-05-26 00:00:00+05:30,0.5,0.0,Eicher Motors Ltd.
2009-05-20 00:00:00+05:30,0.5,0.0,Eicher Motors Ltd.
2010-03-05 00:00:00+05:30,0.7,0.0,Eicher Motors Ltd.
2011-03-08 00:00:00+05:30,1.1,0.0,Eicher Motors Ltd.
2012-03-13 00:00:00+05:30,1.6,0.0,Eicher Motors Ltd.
2013-03-13 00:00:00+05:30,2.0,0.0,Eicher Motors Ltd.
2014-03-12 00:00:00+05:30,3.0,0.0,Eicher Motors Ltd.
2015-03-11 00:00:00+05:30,5.0,0.0,Eicher Motors Ltd.
2016-03-22 00:00:00+05:30,10.0,0.0,Eicher Motors Ltd.
2017-07-31 00:00:00+05:30,10.0,0.0,Eicher Motors Ltd.
2018-08-02 00:00:00+05:30,11.0,0.0,Eicher Motors Ltd.
2019-07-24 00:00:00+05:30,12.5,0.0,Eicher Motors Ltd.
2020-03-19 00:00:00+05:30,12.5,0.0,Eicher Motors Ltd.
2020-08-24 00:00:00+05:30,0.0,10.0,Eicher Motors Ltd.
2021-08-09 00:00:00+05:30,17.0,0.0,Eicher Motors Ltd.
2022-08-12 00:00:00+05:30,21.0,0.0,Eicher Motors Ltd.
2023-08-14 00:00:00+05:30,37.0,0.0,Eicher Motors Ltd.
2024-08-07 00:00:00+05:30,51.0,0.0,Eicher Motors Ltd.
2025-08-01 00:00:00+05:30,70.0,0.0,Eicher Motors Ltd.
2002-07-16 00:00:00+05:30,1.792871,0.0,Grasim Industries Ltd.
2003-07-14 00:00:00+05:30,1.992079,0.0,Grasim Industries Ltd.
2004-07-05 00:00:00+05:30,2.788911,0.0,Grasim Industries Ltd.
2005-06-29 00:00:00+05:30,3.187327,0.0,Grasim Industries Ltd.
2006-08-09 00:00:00+05:30,3.984158,0.0,Grasim Industries Ltd.
2007-03-15 00:00:00+05:30,5.478217,0.0,Grasim Industries Ltd.
2008-07-22 00:00:00+05:30,5.976237,0.0,Grasim Industries Ltd.
2009-07-24 00:00:00+05:30,5.976237,0.0,Grasim Industries Ltd.
2010-08-10 00:00:00+05:30,5.976237,0.0,Grasim Industries Ltd.
2011-09-06 00:00:00+05:30,3.984158,0.0,Grasim Industries Ltd.
2012-08-27 00:00:00+05:30,4.482178,0.0,Grasim Industries Ltd.
2013-07-31 00:00:00+05:30,4.482178,0.0,Grasim Industries Ltd.
2014-08-20 00:00:00+05:30,4.183366,0.0,Grasim Industries Ltd.
2015-09-03 00:00:00+05:30,3.585742,0.0,Grasim Industries Ltd.
2016-09-07 00:00:00+05:30,4.482178,0.0,Grasim Industries Ltd.
2016-10-06 00:00:00+05:30,0.0,5.0,Grasim Industries Ltd.
2017-09-08 00:00:00+05:30,5.478217,0.0,Grasim Industries Ltd.
2018-08-31 00:00:00+05:30,6.175445,0.0,Grasim Industries Ltd.
2019-08-08 00:00:00+05:30,6.972277,0.0,Grasim Industries Ltd.
2020-08-26 00:00:00+05:30,3.984158,0.0,Grasim Industries Ltd.
2021-08-12 00:00:00+05:30,8.964356,0.0,Grasim Industries Ltd.
2022-08-11 00:00:00+05:30,9.960395,0.0,Grasim Industries Ltd.
2023-08-11 00:00:00+05:30,9.960395,0.0,Grasim Industries Ltd.
2024-08-06 00:00:00+05:30,10.0,0.0,Grasim Industries Ltd.
2025-08-12 00:00:00+05:30,10.0,0.0,Grasim Industries Ltd.
2002-10-17 00:00:00+05:30,0.1875,0.0,HCL Technologies Ltd.
2003-11-18 00:00:00+05:30,0.25,0.0,HCL Technologies Ltd.
2003-12-17 00:00:00+05:30,0.25,0.0,HCL Technologies Ltd.
2004-02-04 00:00:00+05:30,0.25,0.0,HCL Technologies Ltd.
2004-04-30 00:00:00+05:30,0.25,0.0,HCL Technologies Ltd.
2004-12-08 00:00:00+05:30,0.5,0.0,HCL Technologies Ltd.
2005-02-01 00:00:00+05:30,0.5,0.0,HCL Technologies Ltd.
2005-04-29 00:00:00+05:30,0.5,0.0,HCL Technologies Ltd.
2005-10-31 00:00:00+05:30,0.5,0.0,HCL Technologies Ltd.
2005-12-06 00:00:00+05:30,0.5,0.0,HCL Technologies Ltd.
2006-01-24 00:00:00+05:30,0.5,0.0,HCL Technologies Ltd.
2006-04-25 00:00:00+05:30,0.5,0.0,HCL Technologies Ltd.
2006-10-20 00:00:00+05:30,0.5,0.0,HCL Technologies Ltd.
2006-12-04 00:00:00+05:30,0.5,0.0,HCL Technologies Ltd.
2007-01-19 00:00:00+05:30,0.5,0.0,HCL Technologies Ltd.
2007-03-15 00:00:00+05:30,0.0,2.0,HCL Technologies Ltd.
2007-04-23 00:00:00+05:30,0.5,0.0,HCL Technologies Ltd.
2007-10-23 00:00:00+05:30,0.5,0.0,HCL Technologies Ltd.
2007-11-30 00:00:00+05:30,0.5,0.0,HCL Technologies Ltd.
2008-01-23 00:00:00+05:30,0.5,0.0,HCL Technologies Ltd.
2008-04-21 00:00:00+05:30,0.5,0.0,HCL Technologies Ltd.
2008-10-22 00:00:00+05:30,1.5,0.0,HCL Technologies Ltd.
2009-01-28 00:00:00+05:30,0.5,0.0,HCL Technologies Ltd.
2009-04-24 00:00:00+05:30,0.25,0.0,HCL Technologies Ltd.
2009-10-30 00:00:00+05:30,0.25,0.0,HCL Technologies Ltd.
2009-12-02 00:00:00+05:30,0.25,0.0,HCL Technologies Ltd.
2010-01-29 00:00:00+05:30,0.25,0.0,HCL Technologies Ltd.
2010-04-26 00:00:00+05:30,0.25,0.0,HCL Technologies Ltd.
2010-10-22 00:00:00+05:30,0.625,0.0,HCL Technologies Ltd.
2011-01-24 00:00:00+05:30,0.5,0.0,HCL Technologies Ltd.
2011-04-25 00:00:00+05:30,0.5,0.0,HCL Technologies Ltd.
2011-10-21 00:00:00+05:30,1.0,0.0,HCL Technologies Ltd.
2012-01-20 00:00:00+05:30,0.5,0.0,HCL Technologies Ltd.
2012-04-23 00:00:00+05:30,0.5,0.0,HCL Technologies Ltd.
2012-10-19 00:00:00+05:30,1.0,0.0,HCL Technologies Ltd.
2013-01-21 00:00:00+05:30,0.5,0.0,HCL Technologies Ltd.
2013-04-22 00:00:00+05:30,0.5,0.0,HCL Technologies Ltd.
2013-10-22 00:00:00+05:30,0.5,0.0,HCL Technologies Ltd.
2013-12-18 00:00:00+05:30,1.5,0.0,HCL Technologies Ltd.
2014-01-22 00:00:00+05:30,1.0,0.0,HCL Technologies Ltd.
2014-04-22 00:00:00+05:30,1.0,0.0,HCL Technologies Ltd.
2014-08-05 00:00:00+05:30,3.0,0.0,HCL Technologies Ltd.
2014-10-21 00:00:00+05:30,1.5,0.0,HCL Technologies Ltd.
2015-02-04 00:00:00+05:30,2.0,0.0,HCL Technologies Ltd.
2015-03-19 00:00:00+05:30,0.0,2.0,HCL Technologies Ltd.
2015-04-24 00:00:00+05:30,2.0,0.0,HCL Technologies Ltd.
2015-08-07 00:00:00+05:30,2.5,0.0,HCL Technologies Ltd.
2015-10-23 00:00:00+05:30,2.5,0.0,HCL Technologies Ltd.
2016-01-27 00:00:00+05:30,3.0,0.0,HCL Technologies Ltd.
2016-05-05 00:00:00+05:30,3.0,0.0,HCL Technologies Ltd.
2016-08-10 00:00:00+05:30,3.0,0.0,HCL Technologies Ltd.
2016-10-27 00:00:00+05:30,3.0,0.0,HCL Technologies Ltd.
2017-02-01 00:00:00+05:30,3.0,0.0,HCL Technologies Ltd.
2017-05-24 00:00:00+05:30,3.0,0.0,HCL Technologies Ltd.
2017-08-03 00:00:00+05:30,1.0,0.0,HCL Technologies Ltd.
2017-11-01 00:00:00+05:30,1.0,0.0,HCL Technologies Ltd.
2018-01-29 00:00:00+05:30,1.0,0.0,HCL Technologies Ltd.
2018-05-09 00:00:00+05:30,1.0,0.0,HCL Technologies Ltd.
2018-08-02 00:00:00+05:30,1.0,0.0,HCL Technologies Ltd.
2018-10-30 00:00:00+05:30,1.0,0.0,HCL Technologies Ltd.
2019-02-05 00:00:00+05:30,1.0,0.0,HCL Technologies Ltd.
2019-05-16 00:00:00+05:30,1.0,0.0,HCL Technologies Ltd.
2019-08-14 00:00:00+05:30,1.0,0.0,HCL Technologies Ltd.
2019-10-31 00:00:00+05:30,1.0,0.0,HCL Technologies Ltd.
2019-12-05 00:00:00+05:30,0.0,2.0,HCL Technologies Ltd.
2020-01-24 00:00:00+05:30,2.0,0.0,HCL Technologies Ltd.
2020-07-23 00:00:00+05:30,2.0,0.0,HCL Technologies Ltd.
2020-09-14 00:00:00+05:30,2.0,0.0,HCL Technologies Ltd.
2020-10-22 00:00:00+05:30,4.0,0.0,HCL Technologies Ltd.
2021-01-21 00:00:00+05:30,4.0,0.0,HCL Technologies Ltd.
2021-04-29 00:00:00+05:30,16.0,0.0,HCL Technologies Ltd.
2021-07-27 00:00:00+05:30,6.0,0.0,HCL Technologies Ltd.
2021-10-21 00:00:00+05:30,10.0,0.0,HCL Technologies Ltd.
2022-01-20 00:00:00+05:30,10.0,0.0,HCL Technologies Ltd.
2022-04-28 00:00:00+05:30,18.0,0.0,HCL Technologies Ltd.
2022-07-19 00:00:00+05:30,10.0,0.0,HCL Technologies Ltd.
2022-10-19 00:00:00+05:30,10.0,0.0,HCL Technologies Ltd.
2023-01-19 00:00:00+05:30,10.0,0.0,HCL Technologies Ltd.
2023-04-28 00:00:00+05:30,18.0,0.0,HCL Technologies Ltd.
2023-07-20 00:00:00+05:30,10.0,0.0,HCL Technologies Ltd.
2023-10-20 00:00:00+05:30,12.0,0.0,HCL Technologies Ltd.
2024-01-19 00:00:00+05:30,12.0,0.0,HCL Technologies Ltd.
2024-05-07 00:00:00+05:30,18.0,0.0,HCL Technologies Ltd.
2024-07-23 00:00:00+05:30,12.0,0.0,HCL Technologies Ltd.
2024-10-22 00:00:00+05:30,12.0,0.0,HCL Technologies Ltd.
2025-01-17 00:00:00+05:30,18.0,0.0,HCL Technologies Ltd.
2025-04-28 00:00:00+05:30,18.0,0.0,HCL Technologies Ltd.
2025-07-18 00:00:00+05:30,12.0,0.0,HCL Technologies Ltd.
2025-10-17 00:00:00+05:30,12.0,0.0,HCL Technologies Ltd.
2026-01-16 00:00:00+05:30,12.0,0.0,HCL Technologies Ltd.
1997-06-09 00:00:00+05:30,0.04,0.0,HDFC Bank Ltd.
1998-06-11 00:00:00+05:30,0.05,0.0,HDFC Bank Ltd.
1999-04-19 00:00:00+05:30,0.065,0.0,HDFC Bank Ltd.
2000-04-06 00:00:00+05:30,0.08,0.0,HDFC Bank Ltd.
2001-04-20 00:00:00+05:30,0.1,0.0,HDFC Bank Ltd.
2002-05-07 00:00:00+05:30,0.125,0.0,HDFC Bank Ltd.
2003-04-30 00:00:00+05:30,0.15,0.0,HDFC Bank Ltd.
2004-05-06 00:00:00+05:30,0.175,0.0,HDFC Bank Ltd.
2005-05-26 00:00:00+05:30,0.225,0.0,HDFC Bank Ltd.
2006-05-11 00:00:00+05:30,0.275,0.0,HDFC Bank Ltd.
2007-05-17 00:00:00+05:30,0.35,0.0,HDFC Bank Ltd.
2008-04-29 00:00:00+05:30,0.425,0.0,HDFC Bank Ltd.
2009-06-22 00:00:00+05:30,0.5,0.0,HDFC Bank Ltd.
2010-06-10 00:00:00+05:30,0.6,0.0,HDFC Bank Ltd.
2011-06-02 00:00:00+05:30,0.825,0.0,HDFC Bank Ltd.
2011-07-14 00:00:00+05:30,0.0,5.0,HDFC Bank Ltd.
2012-06-28 00:00:00+05:30,1.075,0.0,HDFC Bank Ltd.
2013-06-13 00:00:00+05:30,1.375,0.0,HDFC Bank Ltd.
2014-06-05 00:00:00+05:30,1.7125,0.0,HDFC Bank Ltd.
2015-07-02 00:00:00+05:30,2.0,0.0,HDFC Bank Ltd.
2016-06-29 00:00:00+05:30,2.375,0.0,HDFC Bank Ltd.
2017-06-29 00:00:00+05:30,2.75,0.0,HDFC Bank Ltd.
2018-05-31 00:00:00+05:30,3.25,0.0,HDFC Bank Ltd.
2019-06-20 00:00:00+05:30,3.75,0.0,HDFC Bank Ltd.
2019-08-01 00:00:00+05:30,1.25,0.0,HDFC Bank Ltd.
2019-09-19 00:00:00+05:30,0.0,2.0,HDFC Bank Ltd.
2021-06-29 00:00:00+05:30,3.25,0.0,HDFC Bank Ltd.
2022-05-12 00:00:00+05:30,7.75,0.0,HDFC Bank Ltd.
2023-05-16 00:00:00+05:30,9.5,0.0,HDFC Bank Ltd.
2024-05-10 00:00:00+05:30,9.75,0.0,HDFC Bank Ltd.
2025-06-27 00:00:00+05:30,11.0,0.0,HDFC Bank Ltd.
2025-07-25 00:00:00+05:30,2.5,0.0,HDFC Bank Ltd.
2025-08-26 00:00:00+05:30,0.0,2.0,HDFC Bank Ltd.
2017-12-15 00:00:00+05:30,1.36,0.0,HDFC Life Insurance Company Ltd.
2019-03-14 00:00:00+05:30,1.63,0.0,HDFC Life Insurance Company Ltd.
2021-06-30 00:00:00+05:30,2.02,0.0,HDFC Life Insurance Company Ltd.
2022-05-31 00:00:00+05:30,1.7,0.0,HDFC Life Insurance Company Ltd.
2023-06-16 00:00:00+05:30,1.9,0.0,HDFC Life Insurance Company Ltd.
2024-06-21 00:00:00+05:30,2.0,0.0,HDFC Life Insurance Company Ltd.
2025-06-20 00:00:00+05:30,2.1,0.0,HDFC Life Insurance Company Ltd.
1997-06-09 00:00:00+05:30,0.383018,0.0,Hindalco Industries Ltd.
1998-06-30 00:00:00+05:30,0.446855,0.0,Hindalco Industries Ltd.
1999-07-05 00:00:00+05:30,0.553248,0.0,Hindalco Industries Ltd.
2000-04-06 00:00:00+05:30,0.425576,0.0,Hindalco Industries Ltd.
2000-07-03 00:00:00+05:30,0.255345,0.0,Hindalco Industries Ltd.
2001-07-02 00:00:00+05:30,1.021382,0.0,Hindalco Industries Ltd.
2002-07-09 00:00:00+05:30,1.149054,0.0,Hindalco Industries Ltd.
2003-07-14 00:00:00+05:30,1.149054,0.0,Hindalco Industries Ltd.
2004-07-16 00:00:00+05:30,1.4044,0.0,Hindalco Industries Ltd.
2005-06-29 00:00:00+05:30,1.702303,0.0,Hindalco Industries Ltd.
2005-08-30 00:00:00+05:30,0.0,10.0,Hindalco Industries Ltd.
2006-07-14 00:00:00+05:30,1.993873,0.0,Hindalco Industries Ltd.
2007-03-16 00:00:00+05:30,1.54072,0.0,Hindalco Industries Ltd.
2008-08-28 00:00:00+05:30,1.676666,0.0,Hindalco Industries Ltd.
2009-09-10 00:00:00+05:30,1.35,0.0,Hindalco Industries Ltd.
2010-08-24 00:00:00+05:30,1.35,0.0,Hindalco Industries Ltd.
2011-09-14 00:00:00+05:30,1.5,0.0,Hindalco Industries Ltd.
2012-08-31 00:00:00+05:30,1.55,0.0,Hindalco Industries Ltd.
2013-08-30 00:00:00+05:30,1.4,0.0,Hindalco Industries Ltd.
2014-09-08 00:00:00+05:30,1.0,0.0,Hindalco Industries Ltd.
2015-09-07 00:00:00+05:30,1.0,0.0,Hindalco Industries Ltd.
2016-09-06 00:00:00+05:30,1.0,0.0,Hindalco Industries Ltd.
2017-09-05 00:00:00+05:30,1.1,0.0,Hindalco Industries Ltd.
2018-09-12 00:00:00+05:30,1.2,0.0,Hindalco Industries Ltd.
2019-08-14 00:00:00+05:30,1.2,0.0,Hindalco Industries Ltd.
2020-09-03 00:00:00+05:30,1.0,0.0,Hindalco Industries Ltd.
2021-08-12 00:00:00+05:30,3.0,0.0,Hindalco Industries Ltd.
2022-08-11 00:00:00+05:30,4.0,0.0,Hindalco Industries Ltd.
2023-08-14 00:00:00+05:30,3.0,0.0,Hindalco Industries Ltd.
2024-08-09 00:00:00+05:30,3.5,0.0,Hindalco Industries Ltd.
2025-08-08 00:00:00+05:30,5.0,0.0,Hindalco Industries Ltd.
1998-03-18 00:00:00+05:30,0.95,0.0,Hindustan Unilever Ltd.
1998-08-31 00:00:00+05:30,0.96,0.0,Hindustan Unilever Ltd.
1999-03-23 00:00:00+05:30,1.24,0.0,Hindustan Unilever Ltd.
1999-09-01 00:00:00+05:30,1.2,0.0,Hindustan Unilever Ltd.
2000-03-09 00:00:00+05:30,1.7,0.0,Hindustan Unilever Ltd.
2000-07-10 00:00:00+05:30,0.0,10.0,Hindustan Unilever Ltd.
2000-09-04 00:00:00+05:30,1.5,0.0,Hindustan Unilever Ltd.
2001-03-27 00:00:00+05:30,2.0,0.0,Hindustan Unilever Ltd.
2001-07-16 00:00:00+05:30,2.5,0.0,Hindustan Unilever Ltd.
2002-04-08 00:00:00+05:30,2.5,0.0,Hindustan Unilever Ltd.
2002-08-07 00:00:00+05:30,2.5,0.0,Hindustan Unilever Ltd.
2003-04-04 00:00:00+05:30,2.65,0.0,Hindustan Unilever Ltd.
2003-06-20 00:00:00+05:30,1.76,0.0,Hindustan Unilever Ltd.
2003-08-14 00:00:00+05:30,2.5,0.0,Hindustan Unilever Ltd.
2004-05-14 00:00:00+05:30,3.0,0.0,Hindustan Unilever Ltd.
2004-08-13 00:00:00+05:30,2.5,0.0,Hindustan Unilever Ltd.
2005-06-07 00:00:00+05:30,2.5,0.0,Hindustan Unilever Ltd.
2005-08-08 00:00:00+05:30,2.5,0.0,Hindustan Unilever Ltd.
2006-04-28 00:00:00+05:30,2.5,0.0,Hindustan Unilever Ltd.
2006-08-08 00:00:00+05:30,3.0,0.0,Hindustan Unilever Ltd.
2007-04-20 00:00:00+05:30,3.0,0.0,Hindustan Unilever Ltd.
2007-08-07 00:00:00+05:30,3.0,0.0,Hindustan Unilever Ltd.
2007-11-07 00:00:00+05:30,3.0,0.0,Hindustan Unilever Ltd.
2008-03-17 00:00:00+05:30,3.0,0.0,Hindustan Unilever Ltd.
2008-08-04 00:00:00+05:30,3.5,0.0,Hindustan Unilever Ltd.
2009-06-12 00:00:00+05:30,4.0,0.0,Hindustan Unilever Ltd.
2009-11-06 00:00:00+05:30,3.0,0.0,Hindustan Unilever Ltd.
2010-07-08 00:00:00+05:30,3.5,0.0,Hindustan Unilever Ltd.
2010-11-01 00:00:00+05:30,3.0,0.0,Hindustan Unilever Ltd.
2011-07-08 00:00:00+05:30,3.5,0.0,Hindustan Unilever Ltd.
2011-11-04 00:00:00+05:30,3.5,0.0,Hindustan Unilever Ltd.
2012-07-04 00:00:00+05:30,4.0,0.0,Hindustan Unilever Ltd.
2012-11-01 00:00:00+05:30,12.5,0.0,Hindustan Unilever Ltd.
2013-07-10 00:00:00+05:30,6.0,0.0,Hindustan Unilever Ltd.
2013-10-31 00:00:00+05:30,5.5,0.0,Hindustan Unilever Ltd.
2014-06-11 00:00:00+05:30,7.5,0.0,Hindustan Unilever Ltd.
2014-10-31 00:00:00+05:30,6.0,0.0,Hindustan Unilever Ltd.
2015-06-19 00:00:00+05:30,9.0,0.0,Hindustan Unilever Ltd.
2015-10-19 00:00:00+05:30,6.5,0.0,Hindustan Unilever Ltd.
2016-06-22 00:00:00+05:30,9.5,0.0,Hindustan Unilever Ltd.
2016-11-01 00:00:00+05:30,7.0,0.0,Hindustan Unilever Ltd.
2017-06-22 00:00:00+05:30,10.0,0.0,Hindustan Unilever Ltd.
2017-11-01 00:00:00+05:30,8.0,0.0,Hindustan Unilever Ltd.
2018-06-21 00:00:00+05:30,12.0,0.0,Hindustan Unilever Ltd.
2018-10-25 00:00:00+05:30,9.0,0.0,Hindustan Unilever Ltd.
2019-06-20 00:00:00+05:30,13.0,0.0,Hindustan Unilever Ltd.
2019-10-23 00:00:00+05:30,11.0,0.0,Hindustan Unilever Ltd.
2020-06-19 00:00:00+05:30,14.0,0.0,Hindustan Unilever Ltd.
2020-07-30 00:00:00+05:30,9.5,0.0,Hindustan Unilever Ltd.
2020-10-28 00:00:00+05:30,14.0,0.0,Hindustan Unilever Ltd.
2021-06-14 00:00:00+05:30,17.0,0.0,Hindustan Unilever Ltd.
2021-10-26 00:00:00+05:30,15.0,0.0,Hindustan Unilever Ltd.
2022-06-15 00:00:00+05:30,19.0,0.0,Hindustan Unilever Ltd.
2022-11-01 00:00:00+05:30,17.0,0.0,Hindustan Unilever Ltd.
2023-06-19 00:00:00+05:30,22.0,0.0,Hindustan Unilever Ltd.
2023-11-02 00:00:00+05:30,18.0,0.0,Hindustan Unilever Ltd.
2024-06-14 00:00:00+05:30,24.0,0.0,Hindustan Unilever Ltd.
2024-11-06 00:00:00+05:30,29.0,0.0,Hindustan Unilever Ltd.
2025-06-23 00:00:00+05:30,24.0,0.0,Hindustan Unilever Ltd.
2025-11-07 00:00:00+05:30,19.0,0.0,Hindustan Unilever Ltd.
2003-08-04 00:00:00+05:30,1.363636,0.0,ICICI Bank Ltd.
2004-09-02 00:00:00+05:30,1.363636,0.0,ICICI Bank Ltd.
2005-08-04 00:00:00+05:30,1.545455,0.0,ICICI Bank Ltd.
2006-07-06 00:00:00+05:30,1.545455,0.0,ICICI Bank Ltd.
2007-06-14 00:00:00+05:30,1.818182,0.0,ICICI Bank Ltd.
2008-07-10 00:00:00+05:30,2.0,0.0,ICICI Bank Ltd.
2009-06-11 00:00:00+05:30,2.0,0.0,ICICI Bank Ltd.
2010-06-10 00:00:00+05:30,2.181818,0.0,ICICI Bank Ltd.
2011-06-02 00:00:00+05:30,2.545455,0.0,ICICI Bank Ltd.
2012-05-31 00:00:00+05:30,3.0,0.0,ICICI Bank Ltd.
2013-05-30 00:00:00+05:30,3.636364,0.0,ICICI Bank Ltd.
2014-06-04 00:00:00+05:30,4.181818,0.0,ICICI Bank Ltd.
2014-06-05 00:00:00+05:30,4.181818,0.0,ICICI Bank Ltd.
2014-12-04 00:00:00+05:30,0.0,5.0,ICICI Bank Ltd.
2015-06-04 00:00:00+05:30,4.545455,0.0,ICICI Bank Ltd.
2016-06-16 00:00:00+05:30,4.545455,0.0,ICICI Bank Ltd.
2017-06-20 00:00:00+05:30,2.272727,1.1,ICICI Bank Ltd.
2018-08-24 00:00:00+05:30,1.5,0.0,ICICI Bank Ltd.
2019-07-22 00:00:00+05:30,1.0,0.0,ICICI Bank Ltd.
2021-07-29 00:00:00+05:30,2.0,0.0,ICICI Bank Ltd.
2022-08-08 00:00:00+05:30,5.0,0.0,ICICI Bank Ltd.
2023-08-09 00:00:00+05:30,8.0,0.0,ICICI Bank Ltd.
2024-08-12 00:00:00+05:30,10.0,0.0,ICICI Bank Ltd.
2025-08-12 00:00:00+05:30,11.0,0.0,ICICI Bank Ltd.
1996-07-08 00:00:00+05:30,0.055556,0.0,ITC Ltd.
1997-08-04 00:00:00+05:30,0.022222,0.0,ITC Ltd.
1998-06-22 00:00:00+05:30,0.1,0.0,ITC Ltd.
1999-06-24 00:00:00+05:30,0.122222,0.0,ITC Ltd.
2000-06-27 00:00:00+05:30,0.166667,0.0,ITC Ltd.
2001-07-03 00:00:00+05:30,0.222222,0.0,ITC Ltd.
2002-07-12 00:00:00+05:30,0.3,0.0,ITC Ltd.
2003-07-14 00:00:00+05:30,0.333333,0.0,ITC Ltd.
2004-07-19 00:00:00+05:30,0.444444,0.0,ITC Ltd.
2005-07-18 00:00:00+05:30,0.688889,0.0,ITC Ltd.
2005-09-21 00:00:00+05:30,0.0,10.0,ITC Ltd.
2006-07-10 00:00:00+05:30,0.883333,0.0,ITC Ltd.
2007-07-16 00:00:00+05:30,1.033333,0.0,ITC Ltd.
2008-07-16 00:00:00+05:30,1.166667,0.0,ITC Ltd.
2009-07-13 00:00:00+05:30,1.233333,0.0,ITC Ltd.
2010-06-09 00:00:00+05:30,3.333333,0.0,ITC Ltd.
2010-08-03 00:00:00+05:30,0.0,2.0,ITC Ltd.
2011-06-10 00:00:00+05:30,2.966667,0.0,ITC Ltd.
2012-06-11 00:00:00+05:30,3.0,0.0,ITC Ltd.
2013-05-31 00:00:00+05:30,3.5,0.0,ITC Ltd.
2014-06-03 00:00:00+05:30,4.0,0.0,ITC Ltd.
2015-06-03 00:00:00+05:30,4.166667,0.0,ITC Ltd.
2016-05-30 00:00:00+05:30,5.666667,0.0,ITC Ltd.
2016-07-01 00:00:00+05:30,0.0,1.5,ITC Ltd.
2017-06-05 00:00:00+05:30,4.75,0.0,ITC Ltd.
2018-05-25 00:00:00+05:30,5.15,0.0,ITC Ltd.
2019-05-22 00:00:00+05:30,5.75,0.0,ITC Ltd.
2020-07-06 00:00:00+05:30,10.15,0.0,ITC Ltd.
2021-02-22 00:00:00+05:30,5.0,0.0,ITC Ltd.
2021-06-10 00:00:00+05:30,5.75,0.0,ITC Ltd.
2022-02-14 00:00:00+05:30,5.25,0.0,ITC Ltd.
2022-05-26 00:00:00+05:30,6.25,0.0,ITC Ltd.
2023-02-15 00:00:00+05:30,6.0,0.0,ITC Ltd.
2023-05-30 00:00:00+05:30,9.5,0.0,ITC Ltd.
2024-02-08 00:00:00+05:30,6.25,0.0,ITC Ltd.
2024-06-04 00:00:00+05:30,7.5,0.0,ITC Ltd.
2025-02-12 00:00:00+05:30,6.5,0.0,ITC Ltd.
2025-05-28 00:00:00+05:30,7.85,0.0,ITC Ltd.
2026-02-04 00:00:00+05:30,6.5,0.0,ITC Ltd.
1996-04-30 00:00:00+05:30,0.006836,0.0,Infosys Ltd.
1996-10-28 00:00:00+05:30,0.00293,0.0,Infosys Ltd.
1997-05-23 00:00:00+05:30,0.007813,0.0,Infosys Ltd.
1997-08-19 00:00:00+05:30,0.0,2.0,Infosys Ltd.
1997-12-17 00:00:00+05:30,0.005859,0.0,Infosys Ltd.
1998-04-30 00:00:00+05:30,0.017578,0.0,Infosys Ltd.
1998-11-12 00:00:00+05:30,0.009766,0.0,Infosys Ltd.
1999-02-10 00:00:00+05:30,0.0,2.0,Infosys Ltd.
1999-05-20 00:00:00+05:30,0.039063,0.0,Infosys Ltd.
1999-10-28 00:00:00+05:30,0.023438,0.0,Infosys Ltd.
2000-01-24 00:00:00+05:30,0.0,2.0,Infosys Ltd.
2000-01-27 00:00:00+05:30,0.0,2.0,Infosys Ltd.
2000-04-28 00:00:00+05:30,0.046875,0.0,Infosys Ltd.
2000-10-25 00:00:00+05:30,0.039063,0.0,Infosys Ltd.
2001-04-27 00:00:00+05:30,0.117188,0.0,Infosys Ltd.
2001-10-18 00:00:00+05:30,0.117188,0.0,Infosys Ltd.
2002-05-21 00:00:00+05:30,0.195313,0.0,Infosys Ltd.
2002-10-30 00:00:00+05:30,0.195313,0.0,Infosys Ltd.
2003-05-28 00:00:00+05:30,0.226563,0.0,Infosys Ltd.
2003-10-16 00:00:00+05:30,0.226563,0.0,Infosys Ltd.
2004-05-26 00:00:00+05:30,1.796875,0.0,Infosys Ltd.
2004-07-01 00:00:00+05:30,0.0,4.0,Infosys Ltd.
2004-10-18 00:00:00+05:30,0.3125,0.0,Infosys Ltd.
2005-06-01 00:00:00+05:30,0.40625,0.0,Infosys Ltd.
2005-10-17 00:00:00+05:30,0.40625,0.0,Infosys Ltd.
2006-05-25 00:00:00+05:30,2.40625,0.0,Infosys Ltd.
2006-07-13 00:00:00+05:30,0.0,2.0,Infosys Ltd.
2006-10-19 00:00:00+05:30,0.625,0.0,Infosys Ltd.
2007-06-06 00:00:00+05:30,0.8125,0.0,Infosys Ltd.
2007-10-18 00:00:00+05:30,0.75,0.0,Infosys Ltd.
2008-05-29 00:00:00+05:30,3.40625,0.0,Infosys Ltd.
2008-10-16 00:00:00+05:30,1.25,0.0,Infosys Ltd.
2009-06-04 00:00:00+05:30,1.6875,0.0,Infosys Ltd.
2009-10-15 00:00:00+05:30,1.25,0.0,Infosys Ltd.
2010-05-26 00:00:00+05:30,1.875,0.0,Infosys Ltd.
2010-10-21 00:00:00+05:30,5.0,0.0,Infosys Ltd.
2011-05-26 00:00:00+05:30,2.5,0.0,Infosys Ltd.
2011-10-20 00:00:00+05:30,1.875,0.0,Infosys Ltd.
2012-05-24 00:00:00+05:30,4.0,0.0,Infosys Ltd.
2012-10-18 00:00:00+05:30,1.875,0.0,Infosys Ltd.
2013-05-30 00:00:00+05:30,3.375,0.0,Infosys Ltd.
2013-10-17 00:00:00+05:30,2.5,0.0,Infosys Ltd.
2014-05-29 00:00:00+05:30,5.375,0.0,Infosys Ltd.
2014-10-16 00:00:00+05:30,3.75,0.0,Infosys Ltd.
2014-12-02 00:00:00+05:30,0.0,2.0,Infosys Ltd.
2015-06-15 00:00:00+05:30,7.375,2.0,Infosys Ltd.
2015-10-16 00:00:00+05:30,5.0,0.0,Infosys Ltd.
2016-06-09 00:00:00+05:30,7.125,0.0,Infosys Ltd.
2016-10-21 00:00:00+05:30,5.5,0.0,Infosys Ltd.
2017-06-01 00:00:00+05:30,7.375,0.0,Infosys Ltd.
2017-10-31 00:00:00+05:30,6.5,0.0,Infosys Ltd.
2018-06-14 00:00:00+05:30,15.25,0.0,Infosys Ltd.
2018-09-04 00:00:00+05:30,0.0,2.0,Infosys Ltd.
2018-10-25 00:00:00+05:30,7.0,0.0,Infosys Ltd.
2019-01-24 00:00:00+05:30,4.0,0.0,Infosys Ltd.
2019-06-13 00:00:00+05:30,10.5,0.0,Infosys Ltd.
2019-10-23 00:00:00+05:30,8.0,0.0,Infosys Ltd.
2020-05-29 00:00:00+05:30,9.5,0.0,Infosys Ltd.
2020-10-23 00:00:00+05:30,12.0,0.0,Infosys Ltd.
2021-05-31 00:00:00+05:30,15.0,0.0,Infosys Ltd.
2021-10-26 00:00:00+05:30,15.0,0.0,Infosys Ltd.
2022-05-31 00:00:00+05:30,16.0,0.0,Infosys Ltd.
2022-10-27 00:00:00+05:30,16.5,0.0,Infosys Ltd.
2023-06-02 00:00:00+05:30,17.5,0.0,Infosys Ltd.
2023-10-25 00:00:00+05:30,18.0,0.0,Infosys Ltd.
2024-05-31 00:00:00+05:30,28.0,0.0,Infosys Ltd.
2024-10-29 00:00:00+05:30,21.0,0.0,Infosys Ltd.
2025-05-30 00:00:00+05:30,22.0,0.0,Infosys Ltd.
2025-10-27 00:00:00+05:30,23.0,0.0,Infosys Ltd.
2016-09-12 00:00:00+05:30,15.0,0.0,InterGlobe Aviation Ltd.
2017-08-18 00:00:00+05:30,34.0,0.0,InterGlobe Aviation Ltd.
2018-08-02 00:00:00+05:30,6.0,0.0,InterGlobe Aviation Ltd.
2019-08-19 00:00:00+05:30,5.0,0.0,InterGlobe Aviation Ltd.
2025-08-13 00:00:00+05:30,10.0,0.0,InterGlobe Aviation Ltd.
2005-02-21 00:00:00+05:30,0.0,0.04375,JSW Steel Ltd.
2005-04-29 00:00:00+05:30,0.5,0.0,JSW Steel Ltd.
2006-06-15 00:00:00+05:30,0.8,0.0,JSW Steel Ltd.
2007-03-20 00:00:00+05:30,1.25,0.0,JSW Steel Ltd.
2008-05-21 00:00:00+05:30,1.4,0.0,JSW Steel Ltd.
2009-06-29 00:00:00+05:30,0.1,0.0,JSW Steel Ltd.
2010-06-14 00:00:00+05:30,0.95,0.0,JSW Steel Ltd.
2011-07-11 00:00:00+05:30,1.225,0.0,JSW Steel Ltd.
2012-07-12 00:00:00+05:30,0.75,0.0,JSW Steel Ltd.
2013-07-15 00:00:00+05:30,1.0,0.0,JSW Steel Ltd.
2014-07-07 00:00:00+05:30,1.1,0.0,JSW Steel Ltd.
2015-07-06 00:00:00+05:30,1.1,0.0,JSW Steel Ltd.
2016-07-04 00:00:00+05:30,0.75,0.0,JSW Steel Ltd.
2017-01-04 00:00:00+05:30,0.0,10.0,JSW Steel Ltd.
2017-06-12 00:00:00+05:30,2.25,0.0,JSW Steel Ltd.
2018-07-06 00:00:00+05:30,3.2,0.0,JSW Steel Ltd.
2019-07-08 00:00:00+05:30,4.1,0.0,JSW Steel Ltd.
2020-07-06 00:00:00+05:30,2.0,0.0,JSW Steel Ltd.
2021-07-05 00:00:00+05:30,6.5,0.0,JSW Steel Ltd.
2022-07-04 00:00:00+05:30,17.35,0.0,JSW Steel Ltd.
2023-07-11 00:00:00+05:30,3.4,0.0,JSW Steel Ltd.
2024-07-09 00:00:00+05:30,7.3,0.0,JSW Steel Ltd.
2025-07-08 00:00:00+05:30,2.8,0.0,JSW Steel Ltd.
2025-08-11 00:00:00+05:30,0.5,0.0,Jio Financial Services Ltd.
2002-01-23 00:00:00+05:30,0.02,0.0,Kotak Mahindra Bank Ltd.
2002-09-19 00:00:00+05:30,0.021,0.0,Kotak Mahindra Bank Ltd.
2003-07-21 00:00:00+05:30,0.021,0.0,Kotak Mahindra Bank Ltd.
2004-07-14 00:00:00+05:30,0.024,0.0,Kotak Mahindra Bank Ltd.
2004-08-25 00:00:00+05:30,0.0,2.0,Kotak Mahindra Bank Ltd.
2005-07-15 00:00:00+05:30,0.025,0.0,Kotak Mahindra Bank Ltd.
2005-08-25 00:00:00+05:30,0.0,2.5,Kotak Mahindra Bank Ltd.
2006-07-07 00:00:00+05:30,0.03,0.0,Kotak Mahindra Bank Ltd.
2007-06-22 00:00:00+05:30,0.035,0.0,Kotak Mahindra Bank Ltd.
2008-07-14 00:00:00+05:30,0.0375,0.0,Kotak Mahindra Bank Ltd.
2009-07-14 00:00:00+05:30,0.0375,0.0,Kotak Mahindra Bank Ltd.
2010-06-30 00:00:00+05:30,0.0425,0.0,Kotak Mahindra Bank Ltd.
2010-09-13 00:00:00+05:30,0.0,2.0,Kotak Mahindra Bank Ltd.
2011-07-12 00:00:00+05:30,0.05,0.0,Kotak Mahindra Bank Ltd.
2012-07-06 00:00:00+05:30,0.06,0.0,Kotak Mahindra Bank Ltd.
2013-07-04 00:00:00+05:30,0.07,0.0,Kotak Mahindra Bank Ltd.
2014-07-04 00:00:00+05:30,0.08,0.0,Kotak Mahindra Bank Ltd.
2015-06-18 00:00:00+05:30,0.09,0.0,Kotak Mahindra Bank Ltd.
2015-07-08 00:00:00+05:30,0.0,2.0,Kotak Mahindra Bank Ltd.
2016-07-14 00:00:00+05:30,0.1,0.0,Kotak Mahindra Bank Ltd.
2017-07-12 00:00:00+05:30,0.12,0.0,Kotak Mahindra Bank Ltd.
2018-07-11 00:00:00+05:30,0.14,0.0,Kotak Mahindra Bank Ltd.
2019-07-12 00:00:00+05:30,0.16,0.0,Kotak Mahindra Bank Ltd.
2021-08-11 00:00:00+05:30,0.18,0.0,Kotak Mahindra Bank Ltd.
2022-08-11 00:00:00+05:30,0.22,0.0,Kotak Mahindra Bank Ltd.
2023-08-04 00:00:00+05:30,0.3,0.0,Kotak Mahindra Bank Ltd.
2024-07-19 00:00:00+05:30,0.4,0.0,Kotak Mahindra Bank Ltd.
2025-07-18 00:00:00+05:30,0.5,0.0,Kotak Mahindra Bank Ltd.
2026-01-14 00:00:00+05:30,0.0,5.0,Kotak Mahindra Bank Ltd.
2004-05-19 00:00:00+05:30,0.0,0.5,Larsen & Toubro Ltd.
2004-09-14 00:00:00+05:30,1.777778,0.0,Larsen & Toubro Ltd.
2004-11-01 00:00:00+05:30,1.111111,0.0,Larsen & Toubro Ltd.
2005-08-12 00:00:00+05:30,1.944444,0.0,Larsen & Toubro Ltd.
2006-08-14 00:00:00+05:30,2.444444,0.0,Larsen & Toubro Ltd.
2006-09-28 00:00:00+05:30,0.0,2.0,Larsen & Toubro Ltd.
2007-03-28 00:00:00+05:30,2.444444,0.0,Larsen & Toubro Ltd.
2007-07-17 00:00:00+05:30,0.888889,0.0,Larsen & Toubro Ltd.
2007-08-14 00:00:00+05:30,0.444444,0.0,Larsen & Toubro Ltd.
2008-08-20 00:00:00+05:30,3.333333,0.0,Larsen & Toubro Ltd.
2008-10-01 00:00:00+05:30,0.0,2.0,Larsen & Toubro Ltd.
2009-08-18 00:00:00+05:30,4.666667,0.0,Larsen & Toubro Ltd.
2010-08-17 00:00:00+05:30,5.555556,0.0,Larsen & Toubro Ltd.
2011-08-17 00:00:00+05:30,6.444444,0.0,Larsen & Toubro Ltd.
2012-08-14 00:00:00+05:30,7.333333,0.0,Larsen & Toubro Ltd.
2013-07-11 00:00:00+05:30,0.0,1.5,Larsen & Toubro Ltd.
2013-08-13 00:00:00+05:30,8.22,0.0,Larsen & Toubro Ltd.
2014-08-13 00:00:00+05:30,9.5,0.0,Larsen & Toubro Ltd.
2015-09-01 00:00:00+05:30,10.833333,0.0,Larsen & Toubro Ltd.
2016-08-18 00:00:00+05:30,12.166667,0.0,Larsen & Toubro Ltd.
2017-07-13 00:00:00+05:30,14.0,1.5,Larsen & Toubro Ltd.
2017-08-11 00:00:00+05:30,14.0,0.0,Larsen & Toubro Ltd.
2018-08-14 00:00:00+05:30,16.0,0.0,Larsen & Toubro Ltd.
2019-07-24 00:00:00+05:30,18.0,0.0,Larsen & Toubro Ltd.
2020-03-24 00:00:00+05:30,10.0,0.0,Larsen & Toubro Ltd.
2020-08-05 00:00:00+05:30,8.0,0.0,Larsen & Toubro Ltd.
2020-11-04 00:00:00+05:30,18.0,0.0,Larsen & Toubro Ltd.
2021-07-28 00:00:00+05:30,18.0,0.0,Larsen & Toubro Ltd.
2022-07-21 00:00:00+05:30,22.0,0.0,Larsen & Toubro Ltd.
2023-08-02 00:00:00+05:30,30.0,0.0,Larsen & Toubro Ltd.
2024-06-20 00:00:00+05:30,28.0,0.0,Larsen & Toubro Ltd.
2025-06-03 00:00:00+05:30,34.0,0.0,Larsen & Toubro Ltd.
1997-06-16 00:00:00+05:30,0.625,0.0,Mahindra & Mahindra Ltd.
1998-06-25 00:00:00+05:30,0.6875,0.0,Mahindra & Mahindra Ltd.
1999-05-17 00:00:00+05:30,0.6875,0.0,Mahindra & Mahindra Ltd.
2000-04-03 00:00:00+05:30,0.6875,0.0,Mahindra & Mahindra Ltd.
2001-05-23 00:00:00+05:30,0.6875,0.0,Mahindra & Mahindra Ltd.
2002-06-26 00:00:00+05:30,0.625,0.0,Mahindra & Mahindra Ltd.
2003-06-26 00:00:00+05:30,0.6875,0.0,Mahindra & Mahindra Ltd.
2004-06-28 00:00:00+05:30,1.125,0.0,Mahindra & Mahindra Ltd.
2005-06-29 00:00:00+05:30,1.625,0.0,Mahindra & Mahindra Ltd.
2005-09-01 00:00:00+05:30,0.0,2.0,Mahindra & Mahindra Ltd.
2006-06-29 00:00:00+05:30,2.5,0.0,Mahindra & Mahindra Ltd.
2007-03-23 00:00:00+05:30,1.875,0.0,Mahindra & Mahindra Ltd.
2007-07-05 00:00:00+05:30,1.0,0.0,Mahindra & Mahindra Ltd.
2008-07-03 00:00:00+05:30,2.875,0.0,Mahindra & Mahindra Ltd.
2009-07-09 00:00:00+05:30,2.5,0.0,Mahindra & Mahindra Ltd.
2010-03-29 00:00:00+05:30,0.0,2.0,Mahindra & Mahindra Ltd.
2010-07-08 00:00:00+05:30,4.75,0.0,Mahindra & Mahindra Ltd.
2011-07-14 00:00:00+05:30,5.75,0.0,Mahindra & Mahindra Ltd.
2012-07-12 00:00:00+05:30,6.25,0.0,Mahindra & Mahindra Ltd.
2013-07-18 00:00:00+05:30,6.5,0.0,Mahindra & Mahindra Ltd.
2014-07-17 00:00:00+05:30,7.0,0.0,Mahindra & Mahindra Ltd.
2015-07-16 00:00:00+05:30,6.0,0.0,Mahindra & Mahindra Ltd.
2016-07-21 00:00:00+05:30,6.0,0.0,Mahindra & Mahindra Ltd.
2017-07-13 00:00:00+05:30,6.5,0.0,Mahindra & Mahindra Ltd.
2017-12-21 00:00:00+05:30,0.0,2.0,Mahindra & Mahindra Ltd.
2018-07-12 00:00:00+05:30,7.5,0.0,Mahindra & Mahindra Ltd.
2019-07-18 00:00:00+05:30,8.5,0.0,Mahindra & Mahindra Ltd.
2020-07-16 00:00:00+05:30,2.35,0.0,Mahindra & Mahindra Ltd.
2021-07-15 00:00:00+05:30,8.75,0.0,Mahindra & Mahindra Ltd.
2022-07-14 00:00:00+05:30,11.55,0.0,Mahindra & Mahindra Ltd.
2023-07-14 00:00:00+05:30,16.25,0.0,Mahindra & Mahindra Ltd.
2024-07-05 00:00:00+05:30,21.1,0.0,Mahindra & Mahindra Ltd.
2025-07-04 00:00:00+05:30,25.3,0.0,Mahindra & Mahindra Ltd.
2004-07-08 00:00:00+05:30,1.5,0.0,Maruti Suzuki India Ltd.
2005-08-25 00:00:00+05:30,2.0,0.0,Maruti Suzuki India Ltd.
2006-08-23 00:00:00+05:30,3.5,0.0,Maruti Suzuki India Ltd.
2007-08-22 00:00:00+05:30,4.5,0.0,Maruti Suzuki India Ltd.
2008-08-14 00:00:00+05:30,5.0,0.0,Maruti Suzuki India Ltd.
2009-08-18 00:00:00+05:30,3.5,0.0,Maruti Suzuki India Ltd.
2010-08-24 00:00:00+05:30,6.0,0.0,Maruti Suzuki India Ltd.
2011-08-24 00:00:00+05:30,7.5,0.0,Maruti Suzuki India Ltd.
2012-08-14 00:00:00+05:30,7.5,0.0,Maruti Suzuki India Ltd.
2013-08-13 00:00:00+05:30,8.0,0.0,Maruti Suzuki India Ltd.
2014-08-27 00:00:00+05:30,12.0,0.0,Maruti Suzuki India Ltd.
2015-08-26 00:00:00+05:30,25.0,0.0,Maruti Suzuki India Ltd.
2016-08-31 00:00:00+05:30,35.0,0.0,Maruti Suzuki India Ltd.
2017-08-24 00:00:00+05:30,75.0,0.0,Maruti Suzuki India Ltd.
2018-08-14 00:00:00+05:30,80.0,0.0,Maruti Suzuki India Ltd.
2019-08-14 00:00:00+05:30,80.0,0.0,Maruti Suzuki India Ltd.
2020-08-13 00:00:00+05:30,60.0,0.0,Maruti Suzuki India Ltd.
2021-08-05 00:00:00+05:30,45.0,0.0,Maruti Suzuki India Ltd.
2022-08-03 00:00:00+05:30,60.0,0.0,Maruti Suzuki India Ltd.
2023-08-03 00:00:00+05:30,90.0,0.0,Maruti Suzuki India Ltd.
2024-08-02 00:00:00+05:30,125.0,0.0,Maruti Suzuki India Ltd.
2025-08-01 00:00:00+05:30,135.0,0.0,Maruti Suzuki India Ltd.
2023-09-08 00:00:00+05:30,1.0,0.0,Max Healthcare Institute Ltd.
2024-08-23 00:00:00+05:30,1.5,0.0,Max Healthcare Institute Ltd.
2025-07-04 00:00:00+05:30,1.5,0.0,Max Healthcare Institute Ltd.
2005-02-25 00:00:00+05:30,1.0,0.0,NTPC Ltd.
2005-09-08 00:00:00+05:30,1.0,0.0,NTPC Ltd.
2006-02-13 00:00:00+05:30,1.666667,0.0,NTPC Ltd.
2006-08-30 00:00:00+05:30,0.666667,0.0,NTPC Ltd.
2007-02-02 00:00:00+05:30,2.0,0.0,NTPC Ltd.
2007-08-30 00:00:00+05:30,0.666667,0.0,NTPC Ltd.
2008-02-04 00:00:00+05:30,2.25,0.0,NTPC Ltd.
2008-08-28 00:00:00+05:30,0.666667,0.0,NTPC Ltd.
2009-01-29 00:00:00+05:30,2.333333,0.0,NTPC Ltd.
2009-09-03 00:00:00+05:30,0.666667,0.0,NTPC Ltd.
2010-03-18 00:00:00+05:30,2.5,0.0,NTPC Ltd.
2010-09-08 00:00:00+05:30,0.666667,0.0,NTPC Ltd.
2011-02-04 00:00:00+05:30,2.5,0.0,NTPC Ltd.
2011-09-08 00:00:00+05:30,0.666667,0.0,NTPC Ltd.
2012-01-31 00:00:00+05:30,2.916667,0.0,NTPC Ltd.
2012-09-06 00:00:00+05:30,0.416667,0.0,NTPC Ltd.
2013-03-01 00:00:00+05:30,3.125,0.0,NTPC Ltd.
2013-09-05 00:00:00+05:30,1.666667,0.0,NTPC Ltd.
2014-01-31 00:00:00+05:30,3.333333,0.0,NTPC Ltd.
2014-08-13 00:00:00+05:30,1.458333,0.0,NTPC Ltd.
2015-02-04 00:00:00+05:30,0.625,0.0,NTPC Ltd.
2015-09-03 00:00:00+05:30,1.458333,0.0,NTPC Ltd.
2016-02-05 00:00:00+05:30,1.333333,0.0,NTPC Ltd.
2016-09-08 00:00:00+05:30,1.458333,0.0,NTPC Ltd.
2017-02-15 00:00:00+05:30,2.175,0.0,NTPC Ltd.
2017-09-07 00:00:00+05:30,1.808333,0.0,NTPC Ltd.
2018-02-07 00:00:00+05:30,2.275,0.0,NTPC Ltd.
2018-09-06 00:00:00+05:30,1.991667,0.0,NTPC Ltd.
2019-02-06 00:00:00+05:30,2.983333,0.0,NTPC Ltd.
2019-03-19 00:00:00+05:30,0.0,1.2,NTPC Ltd.
2019-08-13 00:00:00+05:30,2.5,0.0,NTPC Ltd.
2020-03-26 00:00:00+05:30,0.5,0.0,NTPC Ltd.
2020-08-13 00:00:00+05:30,2.65,0.0,NTPC Ltd.
2021-02-11 00:00:00+05:30,3.0,0.0,NTPC Ltd.
2021-09-08 00:00:00+05:30,3.15,0.0,NTPC Ltd.
2022-02-03 00:00:00+05:30,4.0,0.0,NTPC Ltd.
2022-08-10 00:00:00+05:30,3.0,0.0,NTPC Ltd.
2023-02-03 00:00:00+05:30,4.25,0.0,NTPC Ltd.
2023-08-11 00:00:00+05:30,3.0,0.0,NTPC Ltd.
2023-11-03 00:00:00+05:30,2.25,0.0,NTPC Ltd.
2024-02-06 00:00:00+05:30,3.25,0.0,NTPC Ltd.
2024-08-07 00:00:00+05:30,3.25,0.0,NTPC Ltd.
2024-10-31 00:00:00+05:30,2.5,0.0,NTPC Ltd.
2025-01-31 00:00:00+05:30,2.5,0.0,NTPC Ltd.
2025-09-04 00:00:00+05:30,3.35,0.0,NTPC Ltd.
2025-11-07 00:00:00+05:30,2.75,0.0,NTPC Ltd.
2026-02-06 00:00:00+05:30,2.75,0.0,NTPC Ltd.
2005-04-20 00:00:00+05:30,0.475,0.0,Nestle India Ltd.
2008-11-14 00:00:00+05:30,0.375,0.0,Nestle India Ltd.
2010-04-23 00:00:00+05:30,1.075,0.0,Nestle India Ltd.
2010-11-03 00:00:00+05:30,1.35,0.0,Nestle India Ltd.
2011-04-21 00:00:00+05:30,1.075,0.0,Nestle India Ltd.
2011-12-12 00:00:00+05:30,1.35,0.0,Nestle India Ltd.
2012-03-21 00:00:00+05:30,0.625,0.0,Nestle India Ltd.
2012-08-01 00:00:00+05:30,0.9,0.0,Nestle India Ltd.
2012-12-12 00:00:00+05:30,0.9,0.0,Nestle India Ltd.
2013-02-25 00:00:00+05:30,0.625,0.0,Nestle India Ltd.
2013-07-31 00:00:00+05:30,0.9,0.0,Nestle India Ltd.
2013-11-01 00:00:00+05:30,0.9,0.0,Nestle India Ltd.
2014-05-15 00:00:00+05:30,1.25,0.0,Nestle India Ltd.
2014-09-15 00:00:00+05:30,1.5,0.0,Nestle India Ltd.
2014-12-08 00:00:00+05:30,0.4,0.0,Nestle India Ltd.
2015-05-19 00:00:00+05:30,1.325,0.0,Nestle India Ltd.
2015-12-11 00:00:00+05:30,0.8,0.0,Nestle India Ltd.
2016-05-18 00:00:00+05:30,1.525,0.0,Nestle India Ltd.
2016-08-05 00:00:00+05:30,0.6,0.0,Nestle India Ltd.
2016-12-09 00:00:00+05:30,0.8,0.0,Nestle India Ltd.
2017-05-19 00:00:00+05:30,1.9,0.0,Nestle India Ltd.
2017-08-02 00:00:00+05:30,0.75,0.0,Nestle India Ltd.
2017-12-11 00:00:00+05:30,1.65,0.0,Nestle India Ltd.
2018-05-16 00:00:00+05:30,2.15,0.0,Nestle India Ltd.
2018-08-10 00:00:00+05:30,1.0,0.0,Nestle India Ltd.
2018-12-12 00:00:00+05:30,2.5,0.0,Nestle India Ltd.
2019-04-30 00:00:00+05:30,1.25,0.0,Nestle India Ltd.
2019-05-06 00:00:00+05:30,1.15,0.0,Nestle India Ltd.
2019-08-09 00:00:00+05:30,10.15,0.0,Nestle India Ltd.
2019-12-10 00:00:00+05:30,2.75,0.0,Nestle India Ltd.
2020-06-11 00:00:00+05:30,3.05,0.0,Nestle India Ltd.
2020-10-29 00:00:00+05:30,6.75,0.0,Nestle India Ltd.
2021-04-29 00:00:00+05:30,4.5,0.0,Nestle India Ltd.
2021-10-26 00:00:00+05:30,5.5,0.0,Nestle India Ltd.
2022-04-21 00:00:00+05:30,4.5,0.0,Nestle India Ltd.
2022-10-31 00:00:00+05:30,6.0,0.0,Nestle India Ltd.
2023-04-21 00:00:00+05:30,5.1,0.0,Nestle India Ltd.
2023-11-01 00:00:00+05:30,7.0,0.0,Nestle India Ltd.
2024-01-05 00:00:00+05:30,0.0,10.0,Nestle India Ltd.
2024-02-15 00:00:00+05:30,3.5,0.0,Nestle India Ltd.
2024-07-16 00:00:00+05:30,5.625,0.0,Nestle India Ltd.
2025-02-07 00:00:00+05:30,7.125,0.0,Nestle India Ltd.
2025-07-04 00:00:00+05:30,5.0,0.0,Nestle India Ltd.
2025-08-08 00:00:00+05:30,0.0,2.0,Nestle India Ltd.
2026-02-06 00:00:00+05:30,7.0,0.0,Nestle India Ltd.
1997-08-28 00:00:00+05:30,0.222222,0.0,Oil & Natural Gas Corporation Ltd.
1998-08-17 00:00:00+05:30,0.277778,0.0,Oil & Natural Gas Corporation Ltd.
1999-08-16 00:00:00+05:30,0.611111,0.0,Oil & Natural Gas Corporation Ltd.
2000-04-24 00:00:00+05:30,0.444444,0.0,Oil & Natural Gas Corporation Ltd.
2000-08-28 00:00:00+05:30,0.277778,0.0,Oil & Natural Gas Corporation Ltd.
2001-08-13 00:00:00+05:30,1.222222,0.0,Oil & Natural Gas Corporation Ltd.
2001-08-14 00:00:00+05:30,1.222222,0.0,Oil & Natural Gas Corporation Ltd.
2002-08-22 00:00:00+05:30,1.555556,0.0,Oil & Natural Gas Corporation Ltd.
2003-01-31 00:00:00+05:30,1.888889,0.0,Oil & Natural Gas Corporation Ltd.
2003-09-11 00:00:00+05:30,1.444444,0.0,Oil & Natural Gas Corporation Ltd.
2004-02-03 00:00:00+05:30,1.555556,0.0,Oil & Natural Gas Corporation Ltd.
2004-09-02 00:00:00+05:30,1.111111,0.0,Oil & Natural Gas Corporation Ltd.
2004-12-28 00:00:00+05:30,2.222222,0.0,Oil & Natural Gas Corporation Ltd.
2005-09-01 00:00:00+05:30,2.222222,0.0,Oil & Natural Gas Corporation Ltd.
2005-12-27 00:00:00+05:30,2.777778,0.0,Oil & Natural Gas Corporation Ltd.
2006-09-06 00:00:00+05:30,2.222222,0.0,Oil & Natural Gas Corporation Ltd.
2006-10-27 00:00:00+05:30,0.0,1.5,Oil & Natural Gas Corporation Ltd.
2006-12-27 00:00:00+05:30,3.0,0.0,Oil & Natural Gas Corporation Ltd.
2007-09-10 00:00:00+05:30,2.166667,0.0,Oil & Natural Gas Corporation Ltd.
2007-12-26 00:00:00+05:30,3.0,0.0,Oil & Natural Gas Corporation Ltd.
2008-09-08 00:00:00+05:30,2.333333,0.0,Oil & Natural Gas Corporation Ltd.
2008-12-23 00:00:00+05:30,3.0,0.0,Oil & Natural Gas Corporation Ltd.
2009-09-11 00:00:00+05:30,2.333333,0.0,Oil & Natural Gas Corporation Ltd.
2009-12-22 00:00:00+05:30,3.0,0.0,Oil & Natural Gas Corporation Ltd.
2010-09-09 00:00:00+05:30,2.5,0.0,Oil & Natural Gas Corporation Ltd.
2010-12-20 00:00:00+05:30,5.333333,0.0,Oil & Natural Gas Corporation Ltd.
2011-02-08 00:00:00+05:30,0.0,2.0,Oil & Natural Gas Corporation Ltd.
2011-08-18 00:00:00+05:30,0.5,0.0,Oil & Natural Gas Corporation Ltd.
2012-01-06 00:00:00+05:30,4.166667,0.0,Oil & Natural Gas Corporation Ltd.
2012-03-19 00:00:00+05:30,1.0,0.0,Oil & Natural Gas Corporation Ltd.
2012-09-14 00:00:00+05:30,1.333333,0.0,Oil & Natural Gas Corporation Ltd.
2012-12-24 00:00:00+05:30,3.333333,0.0,Oil & Natural Gas Corporation Ltd.
2013-03-22 00:00:00+05:30,2.666667,0.0,Oil & Natural Gas Corporation Ltd.
2013-09-17 00:00:00+05:30,0.333333,0.0,Oil & Natural Gas Corporation Ltd.
2013-12-10 00:00:00+05:30,3.333333,0.0,Oil & Natural Gas Corporation Ltd.
2014-03-27 00:00:00+05:30,2.833333,0.0,Oil & Natural Gas Corporation Ltd.
2014-09-11 00:00:00+05:30,0.166667,0.0,Oil & Natural Gas Corporation Ltd.
2014-12-16 00:00:00+05:30,3.333333,0.0,Oil & Natural Gas Corporation Ltd.
2015-03-24 00:00:00+05:30,2.666667,0.0,Oil & Natural Gas Corporation Ltd.
2015-09-07 00:00:00+05:30,0.333333,0.0,Oil & Natural Gas Corporation Ltd.
2015-11-10 00:00:00+05:30,3.0,0.0,Oil & Natural Gas Corporation Ltd.
2016-03-16 00:00:00+05:30,0.5,0.0,Oil & Natural Gas Corporation Ltd.
2016-08-31 00:00:00+05:30,2.166667,0.0,Oil & Natural Gas Corporation Ltd.
2016-11-03 00:00:00+05:30,3.0,0.0,Oil & Natural Gas Corporation Ltd.
2016-12-15 00:00:00+05:30,0.0,1.5,Oil & Natural Gas Corporation Ltd.
2017-02-07 00:00:00+05:30,2.25,0.0,Oil & Natural Gas Corporation Ltd.
2017-09-21 00:00:00+05:30,0.8,0.0,Oil & Natural Gas Corporation Ltd.
2017-11-03 00:00:00+05:30,3.0,0.0,Oil & Natural Gas Corporation Ltd.
2018-03-13 00:00:00+05:30,2.25,0.0,Oil & Natural Gas Corporation Ltd.
2018-09-19 00:00:00+05:30,1.35,0.0,Oil & Natural Gas Corporation Ltd.
2019-02-28 00:00:00+05:30,5.25,0.0,Oil & Natural Gas Corporation Ltd.
2019-03-26 00:00:00+05:30,1.0,0.0,Oil & Natural Gas Corporation Ltd.
2019-08-22 00:00:00+05:30,0.75,0.0,Oil & Natural Gas Corporation Ltd.
2020-03-23 00:00:00+05:30,5.0,0.0,Oil & Natural Gas Corporation Ltd.
2021-02-17 00:00:00+05:30,1.75,0.0,Oil & Natural Gas Corporation Ltd.
2021-09-08 00:00:00+05:30,1.85,0.0,Oil & Natural Gas Corporation Ltd.
2021-11-22 00:00:00+05:30,5.5,0.0,Oil & Natural Gas Corporation Ltd.
2022-02-21 00:00:00+05:30,1.75,0.0,Oil & Natural Gas Corporation Ltd.
2022-08-18 00:00:00+05:30,3.25,0.0,Oil & Natural Gas Corporation Ltd.
2022-11-21 00:00:00+05:30,6.75,0.0,Oil & Natural Gas Corporation Ltd.
2023-02-24 00:00:00+05:30,4.0,0.0,Oil & Natural Gas Corporation Ltd.
2023-08-18 00:00:00+05:30,0.5,0.0,Oil & Natural Gas Corporation Ltd.
2023-11-21 00:00:00+05:30,5.75,0.0,Oil & Natural Gas Corporation Ltd.
2024-02-16 00:00:00+05:30,4.0,0.0,Oil & Natural Gas Corporation Ltd.
2024-08-23 00:00:00+05:30,2.5,0.0,Oil & Natural Gas Corporation Ltd.
2024-11-19 00:00:00+05:30,6.0,0.0,Oil & Natural Gas Corporation Ltd.
2025-02-07 00:00:00+05:30,5.0,0.0,Oil & Natural Gas Corporation Ltd.
2025-09-04 00:00:00+05:30,1.25,0.0,Oil & Natural Gas Corporation Ltd.
2025-11-14 00:00:00+05:30,6.0,0.0,Oil & Natural Gas Corporation Ltd.
2026-02-18 00:00:00+05:30,6.25,0.0,Oil & Natural Gas Corporation Ltd.
2008-03-10 00:00:00+05:30,0.28125,0.0,Power Grid Corporation of India Ltd.
2008-09-01 00:00:00+05:30,0.39375,0.0,Power Grid Corporation of India Ltd.
2009-02-04 00:00:00+05:30,0.28125,0.0,Power Grid Corporation of India Ltd.
2009-08-21 00:00:00+05:30,0.39375,0.0,Power Grid Corporation of India Ltd.
2010-01-11 00:00:00+05:30,0.28125,0.0,Power Grid Corporation of India Ltd.
2010-09-07 00:00:00+05:30,0.5625,0.0,Power Grid Corporation of India Ltd.
2011-02-11 00:00:00+05:30,0.28125,0.0,Power Grid Corporation of India Ltd.
2011-09-06 00:00:00+05:30,0.703125,0.0,Power Grid Corporation of India Ltd.
2012-02-13 00:00:00+05:30,0.45,0.0,Power Grid Corporation of India Ltd.
2012-09-05 00:00:00+05:30,0.736875,0.0,Power Grid Corporation of India Ltd.
2013-02-15 00:00:00+05:30,0.905625,0.0,Power Grid Corporation of India Ltd.
2013-09-05 00:00:00+05:30,0.64125,0.0,Power Grid Corporation of India Ltd.
2014-03-04 00:00:00+05:30,0.714375,0.0,Power Grid Corporation of India Ltd.
2014-09-04 00:00:00+05:30,0.736875,0.0,Power Grid Corporation of India Ltd.
2015-03-09 00:00:00+05:30,0.388125,0.0,Power Grid Corporation of India Ltd.
2015-09-07 00:00:00+05:30,0.736875,0.0,Power Grid Corporation of India Ltd.
2016-02-03 00:00:00+05:30,0.45,0.0,Power Grid Corporation of India Ltd.
2016-09-08 00:00:00+05:30,0.849375,0.0,Power Grid Corporation of India Ltd.
2017-02-16 00:00:00+05:30,0.5625,0.0,Power Grid Corporation of India Ltd.
2017-09-11 00:00:00+05:30,1.884375,0.0,Power Grid Corporation of India Ltd.
2018-02-08 00:00:00+05:30,1.378125,0.0,Power Grid Corporation of India Ltd.
2018-09-10 00:00:00+05:30,1.575,0.0,Power Grid Corporation of India Ltd.
2019-03-14 00:00:00+05:30,3.279376,0.0,Power Grid Corporation of India Ltd.
2019-08-19 00:00:00+05:30,1.40625,0.0,Power Grid Corporation of India Ltd.
2020-03-16 00:00:00+05:30,3.352501,0.0,Power Grid Corporation of India Ltd.
2020-09-02 00:00:00+05:30,2.272501,0.0,Power Grid Corporation of India Ltd.
2020-12-17 00:00:00+05:30,2.812501,0.0,Power Grid Corporation of India Ltd.
2021-03-08 00:00:00+05:30,2.250001,0.0,Power Grid Corporation of India Ltd.
2021-07-29 00:00:00+05:30,0.0,1.3333333333333333,Power Grid Corporation of India Ltd.
2021-09-08 00:00:00+05:30,2.25,0.0,Power Grid Corporation of India Ltd.
2021-12-22 00:00:00+05:30,5.25,0.0,Power Grid Corporation of India Ltd.
2022-02-16 00:00:00+05:30,4.125,0.0,Power Grid Corporation of India Ltd.
2022-08-19 00:00:00+05:30,1.6875,0.0,Power Grid Corporation of India Ltd.
2022-11-14 00:00:00+05:30,3.75,0.0,Power Grid Corporation of India Ltd.
2023-02-08 00:00:00+05:30,3.75,0.0,Power Grid Corporation of India Ltd.
2023-08-08 00:00:00+05:30,3.5625,0.0,Power Grid Corporation of India Ltd.
2023-09-12 00:00:00+05:30,0.0,1.3333333333333333,Power Grid Corporation of India Ltd.
2023-11-16 00:00:00+05:30,4.0,0.0,Power Grid Corporation of India Ltd.
2024-02-15 00:00:00+05:30,4.5,0.0,Power Grid Corporation of India Ltd.
2024-08-16 00:00:00+05:30,2.75,0.0,Power Grid Corporation of India Ltd.
2024-11-14 00:00:00+05:30,4.5,0.0,Power Grid Corporation of India Ltd.
2025-02-07 00:00:00+05:30,3.25,0.0,Power Grid Corporation of India Ltd.
2025-08-19 00:00:00+05:30,1.25,0.0,Power Grid Corporation of India Ltd.
2025-11-10 00:00:00+05:30,4.5,0.0,Power Grid Corporation of India Ltd.
2026-02-09 00:00:00+05:30,3.25,0.0,Power Grid Corporation of India Ltd.
1996-05-24 00:00:00+05:30,0.371479,0.0,Reliance Industries Ltd.
1997-05-16 00:00:00+05:30,0.402435,0.0,Reliance Industries Ltd.
1997-10-27 00:00:00+05:30,0.0,2.0,Reliance Industries Ltd.
1998-05-06 00:00:00+05:30,0.433392,0.0,Reliance Industries Ltd.
1999-05-07 00:00:00+05:30,0.464348,0.0,Reliance Industries Ltd.
2000-04-06 00:00:00+05:30,0.495305,0.0,Reliance Industries Ltd.
2001-04-26 00:00:00+05:30,0.526262,0.0,Reliance Industries Ltd.
2002-10-23 00:00:00+05:30,0.588175,0.0,Reliance Industries Ltd.
2003-05-23 00:00:00+05:30,0.619131,0.0,Reliance Industries Ltd.
2004-05-20 00:00:00+05:30,0.650088,0.0,Reliance Industries Ltd.
2005-05-12 00:00:00+05:30,0.928697,0.0,Reliance Industries Ltd.
2006-06-01 00:00:00+05:30,1.238263,0.0,Reliance Industries Ltd.
2007-03-21 00:00:00+05:30,1.362089,0.0,Reliance Industries Ltd.
2008-05-08 00:00:00+05:30,1.609741,0.0,Reliance Industries Ltd.
2009-10-16 00:00:00+05:30,1.609741,0.0,Reliance Industries Ltd.
2009-11-26 00:00:00+05:30,0.0,2.0,Reliance Industries Ltd.
2010-05-10 00:00:00+05:30,1.733568,0.0,Reliance Industries Ltd.
2011-05-05 00:00:00+05:30,1.98122,0.0,Reliance Industries Ltd.
2012-05-31 00:00:00+05:30,2.105046,0.0,Reliance Industries Ltd.
2013-05-10 00:00:00+05:30,2.228873,0.0,Reliance Industries Ltd.
2014-05-16 00:00:00+05:30,2.352699,0.0,Reliance Industries Ltd.
2015-05-08 00:00:00+05:30,2.476525,0.0,Reliance Industries Ltd.
2016-03-17 00:00:00+05:30,2.600351,0.0,Reliance Industries Ltd.
2017-07-13 00:00:00+05:30,2.724178,0.0,Reliance Industries Ltd.
2017-09-07 00:00:00+05:30,0.0,2.0,Reliance Industries Ltd.
2018-06-27 00:00:00+05:30,2.97183,0.0,Reliance Industries Ltd.
2019-08-02 00:00:00+05:30,3.219483,0.0,Reliance Industries Ltd.
2020-07-02 00:00:00+05:30,3.25,0.0,Reliance Industries Ltd.
2021-06-11 00:00:00+05:30,3.5,0.0,Reliance Industries Ltd.
2022-08-18 00:00:00+05:30,4.0,0.0,Reliance Industries Ltd.
2023-08-21 00:00:00+05:30,4.5,0.0,Reliance Industries Ltd.
2024-08-19 00:00:00+05:30,5.0,0.0,Reliance Industries Ltd.
2024-10-28 00:00:00+05:30,0.0,2.0,Reliance Industries Ltd.
2025-08-14 00:00:00+05:30,5.5,0.0,Reliance Industries Ltd.
2018-04-03 00:00:00+05:30,2.0,0.0,SBI Life Insurance Company Ltd.
2019-04-03 00:00:00+05:30,2.0,0.0,SBI Life Insurance Company Ltd.
2021-04-05 00:00:00+05:30,2.5,0.0,SBI Life Insurance Company Ltd.
2022-03-29 00:00:00+05:30,2.0,0.0,SBI Life Insurance Company Ltd.
2023-03-16 00:00:00+05:30,2.5,0.0,SBI Life Insurance Company Ltd.
2024-03-15 00:00:00+05:30,2.7,0.0,SBI Life Insurance Company Ltd.
2025-03-07 00:00:00+05:30,2.7,0.0,SBI Life Insurance Company Ltd.
2026-03-06 00:00:00+05:30,2.7,0.0,SBI Life Insurance Company Ltd.
2002-09-12 00:00:00+05:30,0.155896,0.0,Shriram Finance Ltd.
2002-12-18 00:00:00+05:30,0.194871,0.0,Shriram Finance Ltd.
2003-08-29 00:00:00+05:30,0.155896,0.0,Shriram Finance Ltd.
2003-12-22 00:00:00+05:30,0.194871,0.0,Shriram Finance Ltd.
2004-08-30 00:00:00+05:30,0.292306,0.0,Shriram Finance Ltd.
2004-12-15 00:00:00+05:30,0.194871,0.0,Shriram Finance Ltd.
2005-08-30 00:00:00+05:30,0.292306,0.0,Shriram Finance Ltd.
2005-12-20 00:00:00+05:30,0.194871,0.0,Shriram Finance Ltd.
2006-07-13 00:00:00+05:30,0.389741,0.0,Shriram Finance Ltd.
2006-12-13 00:00:00+05:30,0.194871,0.0,Shriram Finance Ltd.
2007-08-10 00:00:00+05:30,0.389741,0.0,Shriram Finance Ltd.
2007-12-17 00:00:00+05:30,0.194871,0.0,Shriram Finance Ltd.
2008-07-24 00:00:00+05:30,0.779482,0.0,Shriram Finance Ltd.
2008-11-10 00:00:00+05:30,0.194871,0.0,Shriram Finance Ltd.
2009-07-16 00:00:00+05:30,0.779482,0.0,Shriram Finance Ltd.
2009-11-09 00:00:00+05:30,0.389741,0.0,Shriram Finance Ltd.
2010-06-03 00:00:00+05:30,0.779482,0.0,Shriram Finance Ltd.
2010-11-08 00:00:00+05:30,0.487177,0.0,Shriram Finance Ltd.
2011-06-10 00:00:00+05:30,0.779482,0.0,Shriram Finance Ltd.
2011-11-21 00:00:00+05:30,0.487177,0.0,Shriram Finance Ltd.
2012-06-21 00:00:00+05:30,0.779482,0.0,Shriram Finance Ltd.
2012-11-15 00:00:00+05:30,0.584612,0.0,Shriram Finance Ltd.
2013-06-21 00:00:00+05:30,0.779482,0.0,Shriram Finance Ltd.
2013-11-13 00:00:00+05:30,0.584612,0.0,Shriram Finance Ltd.
2014-06-25 00:00:00+05:30,0.779482,0.0,Shriram Finance Ltd.
2014-10-30 00:00:00+05:30,0.779482,0.0,Shriram Finance Ltd.
2015-07-22 00:00:00+05:30,1.169224,0.0,Shriram Finance Ltd.
2015-11-05 00:00:00+05:30,0.779482,0.0,Shriram Finance Ltd.
2016-07-18 00:00:00+05:30,1.169224,0.0,Shriram Finance Ltd.
2016-11-03 00:00:00+05:30,0.779482,0.0,Shriram Finance Ltd.
2017-06-21 00:00:00+05:30,1.169224,0.0,Shriram Finance Ltd.
2017-11-10 00:00:00+05:30,0.974353,0.0,Shriram Finance Ltd.
2018-07-18 00:00:00+05:30,1.169224,0.0,Shriram Finance Ltd.
2018-11-05 00:00:00+05:30,0.974353,0.0,Shriram Finance Ltd.
2019-06-19 00:00:00+05:30,1.364094,0.0,Shriram Finance Ltd.
2019-11-07 00:00:00+05:30,0.974353,0.0,Shriram Finance Ltd.
2020-11-09 00:00:00+05:30,1.2,0.0,Shriram Finance Ltd.
2021-04-05 00:00:00+05:30,1.2,0.0,Shriram Finance Ltd.
2021-06-16 00:00:00+05:30,1.2,0.0,Shriram Finance Ltd.
2021-11-09 00:00:00+05:30,1.6,0.0,Shriram Finance Ltd.
2022-03-11 00:00:00+05:30,2.4,0.0,Shriram Finance Ltd.
2023-01-03 00:00:00+05:30,3.0,0.0,Shriram Finance Ltd.
2023-06-16 00:00:00+05:30,4.0,0.0,Shriram Finance Ltd.
2023-11-06 00:00:00+05:30,4.0,0.0,Shriram Finance Ltd.
2024-02-06 00:00:00+05:30,2.0,0.0,Shriram Finance Ltd.
2024-07-23 00:00:00+05:30,3.0,0.0,Shriram Finance Ltd.
2024-11-07 00:00:00+05:30,4.4,0.0,Shriram Finance Ltd.
2025-01-10 00:00:00+05:30,0.0,5.0,Shriram Finance Ltd.
2025-01-31 00:00:00+05:30,2.5,0.0,Shriram Finance Ltd.
2025-07-11 00:00:00+05:30,3.0,0.0,Shriram Finance Ltd.
2025-11-07 00:00:00+05:30,4.8,0.0,Shriram Finance Ltd.
1996-06-03 00:00:00+05:30,0.330232,0.0,State Bank of India
1997-06-16 00:00:00+05:30,0.377408,0.0,State Bank of India
1998-06-24 00:00:00+05:30,0.377408,0.0,State Bank of India
1999-07-05 00:00:00+05:30,0.377408,0.0,State Bank of India
2000-04-17 00:00:00+05:30,0.23588,0.0,State Bank of India
2000-07-03 00:00:00+05:30,0.23588,0.0,State Bank of India
2001-07-02 00:00:00+05:30,0.47176,0.0,State Bank of India
2002-07-11 00:00:00+05:30,0.566113,0.0,State Bank of India
2003-07-04 00:00:00+05:30,0.801993,0.0,State Bank of India
2004-06-25 00:00:00+05:30,1.037873,0.0,State Bank of India
2005-06-17 00:00:00+05:30,1.179401,0.0,State Bank of India
2006-06-19 00:00:00+05:30,1.320929,0.0,State Bank of India
2007-06-13 00:00:00+05:30,1.320929,0.0,State Bank of India
2008-05-29 00:00:00+05:30,2.15,0.0,State Bank of India
2009-06-10 00:00:00+05:30,2.9,0.0,State Bank of India
2010-02-05 00:00:00+05:30,1.0,0.0,State Bank of India
2010-06-09 00:00:00+05:30,2.0,0.0,State Bank of India
2011-05-20 00:00:00+05:30,3.0,0.0,State Bank of India
2012-05-24 00:00:00+05:30,3.5,0.0,State Bank of India
2013-05-28 00:00:00+05:30,4.15,0.0,State Bank of India
2014-03-11 00:00:00+05:30,1.5,0.0,State Bank of India
2014-05-29 00:00:00+05:30,1.5,0.0,State Bank of India
2014-11-20 00:00:00+05:30,0.0,10.0,State Bank of India
2015-05-28 00:00:00+05:30,3.5,0.0,State Bank of India
2016-06-03 00:00:00+05:30,2.6,0.0,State Bank of India
2017-05-26 00:00:00+05:30,2.6,0.0,State Bank of India
2021-06-03 00:00:00+05:30,4.0,0.0,State Bank of India
2022-05-25 00:00:00+05:30,7.1,0.0,State Bank of India
2023-05-31 00:00:00+05:30,11.3,0.0,State Bank of India
2024-05-22 00:00:00+05:30,13.7,0.0,State Bank of India
2025-05-16 00:00:00+05:30,15.9,0.0,State Bank of India
1996-06-24 00:00:00+05:30,0.020833,0.0,Sun Pharmaceutical Industries Ltd.
1997-06-09 00:00:00+05:30,0.029167,0.0,Sun Pharmaceutical Industries Ltd.
1998-06-30 00:00:00+05:30,0.05,0.0,Sun Pharmaceutical Industries Ltd.
1999-06-03 00:00:00+05:30,0.05,0.0,Sun Pharmaceutical Industries Ltd.
1999-12-01 00:00:00+05:30,0.066667,0.0,Sun Pharmaceutical Industries Ltd.
2000-03-08 00:00:00+05:30,0.033333,3.0,Sun Pharmaceutical Industries Ltd.
2001-07-17 00:00:00+05:30,0.125,0.0,Sun Pharmaceutical Industries Ltd.
2002-08-20 00:00:00+05:30,0.125,0.0,Sun Pharmaceutical Industries Ltd.
2003-01-13 00:00:00+05:30,0.0,2.0,Sun Pharmaceutical Industries Ltd.
2003-09-24 00:00:00+05:30,0.25,0.0,Sun Pharmaceutical Industries Ltd.
2004-05-27 00:00:00+05:30,0.0,2.0,Sun Pharmaceutical Industries Ltd.
2004-12-10 00:00:00+05:30,0.325,0.0,Sun Pharmaceutical Industries Ltd.
2005-09-19 00:00:00+05:30,0.375,0.0,Sun Pharmaceutical Industries Ltd.
2006-09-06 00:00:00+05:30,0.55,0.0,Sun Pharmaceutical Industries Ltd.
2007-03-15 00:00:00+05:30,0.675,0.0,Sun Pharmaceutical Industries Ltd.
2008-08-25 00:00:00+05:30,1.05,0.0,Sun Pharmaceutical Industries Ltd.
2009-08-21 00:00:00+05:30,1.375,0.0,Sun Pharmaceutical Industries Ltd.
2010-09-09 00:00:00+05:30,1.375,0.0,Sun Pharmaceutical Industries Ltd.
2010-11-25 00:00:00+05:30,0.0,5.0,Sun Pharmaceutical Industries Ltd.
2011-09-02 00:00:00+05:30,1.75,0.0,Sun Pharmaceutical Industries Ltd.
2012-08-14 00:00:00+05:30,2.125,0.0,Sun Pharmaceutical Industries Ltd.
2013-07-29 00:00:00+05:30,0.0,2.0,Sun Pharmaceutical Industries Ltd.
2013-09-19 00:00:00+05:30,2.5,0.0,Sun Pharmaceutical Industries Ltd.
2014-09-11 00:00:00+05:30,1.5,0.0,Sun Pharmaceutical Industries Ltd.
2015-10-21 00:00:00+05:30,3.0,0.0,Sun Pharmaceutical Industries Ltd.
2016-09-08 00:00:00+05:30,1.0,0.0,Sun Pharmaceutical Industries Ltd.
2017-09-18 00:00:00+05:30,3.5,0.0,Sun Pharmaceutical Industries Ltd.
2018-09-17 00:00:00+05:30,2.0,0.0,Sun Pharmaceutical Industries Ltd.
2019-08-20 00:00:00+05:30,2.75,0.0,Sun Pharmaceutical Industries Ltd.
2020-02-17 00:00:00+05:30,3.0,0.0,Sun Pharmaceutical Industries Ltd.
2020-08-19 00:00:00+05:30,1.0,0.0,Sun Pharmaceutical Industries Ltd.
2021-02-09 00:00:00+05:30,5.5,0.0,Sun Pharmaceutical Industries Ltd.
2021-08-23 00:00:00+05:30,2.0,0.0,Sun Pharmaceutical Industries Ltd.
2022-02-09 00:00:00+05:30,7.0,0.0,Sun Pharmaceutical Industries Ltd.
2022-08-19 00:00:00+05:30,3.0,0.0,Sun Pharmaceutical Industries Ltd.
2023-02-08 00:00:00+05:30,7.5,0.0,Sun Pharmaceutical Industries Ltd.
2023-07-28 00:00:00+05:30,4.0,0.0,Sun Pharmaceutical Industries Ltd.
2024-02-09 00:00:00+05:30,8.5,0.0,Sun Pharmaceutical Industries Ltd.
2024-07-12 00:00:00+05:30,5.0,0.0,Sun Pharmaceutical Industries Ltd.
2025-02-06 00:00:00+05:30,10.5,0.0,Sun Pharmaceutical Industries Ltd.
2025-07-07 00:00:00+05:30,5.5,0.0,Sun Pharmaceutical Industries Ltd.
2026-02-05 00:00:00+05:30,11.0,0.0,Sun Pharmaceutical Industries Ltd.
2004-10-28 00:00:00+05:30,0.375,0.0,Tata Consultancy Services Ltd.
2005-02-03 00:00:00+05:30,0.4375,0.0,Tata Consultancy Services Ltd.
2005-07-06 00:00:00+05:30,0.625,0.0,Tata Consultancy Services Ltd.
2005-08-18 00:00:00+05:30,0.375,0.0,Tata Consultancy Services Ltd.
2005-10-18 00:00:00+05:30,0.375,0.0,Tata Consultancy Services Ltd.
2006-01-18 00:00:00+05:30,0.375,0.0,Tata Consultancy Services Ltd.
2006-06-16 00:00:00+05:30,0.5625,0.0,Tata Consultancy Services Ltd.
2006-07-28 00:00:00+05:30,0.375,2.0,Tata Consultancy Services Ltd.
2006-10-23 00:00:00+05:30,0.75,0.0,Tata Consultancy Services Ltd.
2007-01-22 00:00:00+05:30,0.75,0.0,Tata Consultancy Services Ltd.
2007-06-15 00:00:00+05:30,1.0,0.0,Tata Consultancy Services Ltd.
2007-07-27 00:00:00+05:30,0.75,0.0,Tata Consultancy Services Ltd.
2007-10-22 00:00:00+05:30,0.75,0.0,Tata Consultancy Services Ltd.
2008-01-23 00:00:00+05:30,0.75,0.0,Tata Consultancy Services Ltd.
2008-06-18 00:00:00+05:30,1.25,0.0,Tata Consultancy Services Ltd.
2008-07-31 00:00:00+05:30,0.75,0.0,Tata Consultancy Services Ltd.
2008-10-29 00:00:00+05:30,0.75,0.0,Tata Consultancy Services Ltd.
2009-01-28 00:00:00+05:30,0.75,0.0,Tata Consultancy Services Ltd.
2009-06-16 00:00:00+05:30,1.25,2.0,Tata Consultancy Services Ltd.
2009-07-27 00:00:00+05:30,1.0,0.0,Tata Consultancy Services Ltd.
2009-10-28 00:00:00+05:30,1.0,0.0,Tata Consultancy Services Ltd.
2010-01-27 00:00:00+05:30,1.0,0.0,Tata Consultancy Services Ltd.
2010-06-15 00:00:00+05:30,7.0,0.0,Tata Consultancy Services Ltd.
2010-07-29 00:00:00+05:30,1.0,0.0,Tata Consultancy Services Ltd.
2010-11-01 00:00:00+05:30,1.0,0.0,Tata Consultancy Services Ltd.
2011-01-27 00:00:00+05:30,1.0,0.0,Tata Consultancy Services Ltd.
2011-06-08 00:00:00+05:30,4.0,0.0,Tata Consultancy Services Ltd.
2011-07-28 00:00:00+05:30,1.5,0.0,Tata Consultancy Services Ltd.
2011-10-25 00:00:00+05:30,1.5,0.0,Tata Consultancy Services Ltd.
2012-01-25 00:00:00+05:30,1.5,0.0,Tata Consultancy Services Ltd.
2012-06-07 00:00:00+05:30,8.0,0.0,Tata Consultancy Services Ltd.
2012-07-23 00:00:00+05:30,1.5,0.0,Tata Consultancy Services Ltd.
2012-10-31 00:00:00+05:30,1.5,0.0,Tata Consultancy Services Ltd.
2013-01-23 00:00:00+05:30,1.5,0.0,Tata Consultancy Services Ltd.
2013-06-06 00:00:00+05:30,6.5,0.0,Tata Consultancy Services Ltd.
2013-07-29 00:00:00+05:30,2.0,0.0,Tata Consultancy Services Ltd.
2013-10-25 00:00:00+05:30,2.0,0.0,Tata Consultancy Services Ltd.
2014-01-27 00:00:00+05:30,2.0,0.0,Tata Consultancy Services Ltd.
2014-06-06 00:00:00+05:30,10.0,0.0,Tata Consultancy Services Ltd.
2014-07-28 00:00:00+05:30,22.5,0.0,Tata Consultancy Services Ltd.
2014-10-29 00:00:00+05:30,2.5,0.0,Tata Consultancy Services Ltd.
2015-01-27 00:00:00+05:30,2.5,0.0,Tata Consultancy Services Ltd.
2015-06-05 00:00:00+05:30,12.0,0.0,Tata Consultancy Services Ltd.
2015-07-20 00:00:00+05:30,2.75,0.0,Tata Consultancy Services Ltd.
2015-10-23 00:00:00+05:30,2.75,0.0,Tata Consultancy Services Ltd.
2016-01-21 00:00:00+05:30,2.75,0.0,Tata Consultancy Services Ltd.
2016-06-06 00:00:00+05:30,13.5,0.0,Tata Consultancy Services Ltd.
2016-07-25 00:00:00+05:30,3.25,0.0,Tata Consultancy Services Ltd.
2016-10-24 00:00:00+05:30,3.25,0.0,Tata Consultancy Services Ltd.
2017-01-23 00:00:00+05:30,3.25,0.0,Tata Consultancy Services Ltd.
2017-06-13 00:00:00+05:30,13.75,0.0,Tata Consultancy Services Ltd.
2017-07-24 00:00:00+05:30,3.5,0.0,Tata Consultancy Services Ltd.
2017-10-25 00:00:00+05:30,3.5,0.0,Tata Consultancy Services Ltd.
2018-01-22 00:00:00+05:30,3.5,0.0,Tata Consultancy Services Ltd.
2018-05-31 00:00:00+05:30,14.5,2.0,Tata Consultancy Services Ltd.
2018-07-17 00:00:00+05:30,4.0,0.0,Tata Consultancy Services Ltd.
2018-10-23 00:00:00+05:30,4.0,0.0,Tata Consultancy Services Ltd.
2019-01-17 00:00:00+05:30,4.0,0.0,Tata Consultancy Services Ltd.
2019-06-04 00:00:00+05:30,18.0,0.0,Tata Consultancy Services Ltd.
2019-07-16 00:00:00+05:30,5.0,0.0,Tata Consultancy Services Ltd.
2019-10-17 00:00:00+05:30,45.0,0.0,Tata Consultancy Services Ltd.
2020-01-23 00:00:00+05:30,5.0,0.0,Tata Consultancy Services Ltd.
2020-03-19 00:00:00+05:30,12.0,0.0,Tata Consultancy Services Ltd.
2020-06-03 00:00:00+05:30,6.0,0.0,Tata Consultancy Services Ltd.
2020-07-16 00:00:00+05:30,5.0,0.0,Tata Consultancy Services Ltd.
2020-10-14 00:00:00+05:30,12.0,0.0,Tata Consultancy Services Ltd.
2021-01-14 00:00:00+05:30,6.0,0.0,Tata Consultancy Services Ltd.
2021-05-25 00:00:00+05:30,15.0,0.0,Tata Consultancy Services Ltd.
2021-07-15 00:00:00+05:30,7.0,0.0,Tata Consultancy Services Ltd.
2021-10-14 00:00:00+05:30,7.0,0.0,Tata Consultancy Services Ltd.
2022-01-19 00:00:00+05:30,7.0,0.0,Tata Consultancy Services Ltd.
2022-05-25 00:00:00+05:30,22.0,0.0,Tata Consultancy Services Ltd.
2022-07-14 00:00:00+05:30,8.0,0.0,Tata Consultancy Services Ltd.
2022-10-17 00:00:00+05:30,8.0,0.0,Tata Consultancy Services Ltd.
2023-01-16 00:00:00+05:30,75.0,0.0,Tata Consultancy Services Ltd.
2023-06-15 00:00:00+05:30,24.0,0.0,Tata Consultancy Services Ltd.
2023-07-20 00:00:00+05:30,9.0,0.0,Tata Consultancy Services Ltd.
2023-10-19 00:00:00+05:30,9.0,0.0,Tata Consultancy Services Ltd.
2024-01-19 00:00:00+05:30,27.0,0.0,Tata Consultancy Services Ltd.
2024-05-16 00:00:00+05:30,28.0,0.0,Tata Consultancy Services Ltd.
2024-07-19 00:00:00+05:30,10.0,0.0,Tata Consultancy Services Ltd.
2024-10-18 00:00:00+05:30,10.0,0.0,Tata Consultancy Services Ltd.
2025-01-17 00:00:00+05:30,76.0,0.0,Tata Consultancy Services Ltd.
2025-06-04 00:00:00+05:30,30.0,0.0,Tata Consultancy Services Ltd.
2025-07-16 00:00:00+05:30,11.0,0.0,Tata Consultancy Services Ltd.
2025-10-15 00:00:00+05:30,11.0,0.0,Tata Consultancy Services Ltd.
2026-01-16 00:00:00+05:30,57.0,0.0,Tata Consultancy Services Ltd.
1999-07-20 00:00:00+05:30,1.086495,0.0,Tata Consumer Products Ltd.
2000-04-11 00:00:00+05:30,0.9976,0.0,Tata Consumer Products Ltd.
2001-08-17 00:00:00+05:30,0.888951,0.0,Tata Consumer Products Ltd.
2002-05-28 00:00:00+05:30,0.691406,0.0,Tata Consumer Products Ltd.
2003-08-14 00:00:00+05:30,0.691406,0.0,Tata Consumer Products Ltd.
2004-08-17 00:00:00+05:30,0.839564,0.0,Tata Consumer Products Ltd.
2005-07-21 00:00:00+05:30,0.987723,0.0,Tata Consumer Products Ltd.
2006-07-21 00:00:00+05:30,1.185268,0.0,Tata Consumer Products Ltd.
2007-07-23 00:00:00+05:30,1.481584,0.0,Tata Consumer Products Ltd.
2008-08-01 00:00:00+05:30,3.45703,0.0,Tata Consumer Products Ltd.
2009-08-13 00:00:00+05:30,1.728515,0.0,Tata Consumer Products Ltd.
2010-06-30 00:00:00+05:30,0.0,10.0,Tata Consumer Products Ltd.
2010-08-05 00:00:00+05:30,1.975446,0.0,Tata Consumer Products Ltd.
2011-08-10 00:00:00+05:30,1.975446,0.0,Tata Consumer Products Ltd.
2012-08-09 00:00:00+05:30,2.123604,0.0,Tata Consumer Products Ltd.
2013-06-27 00:00:00+05:30,2.123604,0.0,Tata Consumer Products Ltd.
2014-08-05 00:00:00+05:30,2.222377,0.0,Tata Consumer Products Ltd.
2015-07-30 00:00:00+05:30,2.222377,0.0,Tata Consumer Products Ltd.
2016-08-08 00:00:00+05:30,2.222377,0.0,Tata Consumer Products Ltd.
2017-07-07 00:00:00+05:30,2.321149,0.0,Tata Consumer Products Ltd.
2017-08-04 00:00:00+05:30,2.321149,0.0,Tata Consumer Products Ltd.
2018-06-20 00:00:00+05:30,2.469307,0.0,Tata Consumer Products Ltd.
2019-05-24 00:00:00+05:30,2.469307,0.0,Tata Consumer Products Ltd.
2020-06-18 00:00:00+05:30,2.666852,0.0,Tata Consumer Products Ltd.
2021-06-10 00:00:00+05:30,4.000278,0.0,Tata Consumer Products Ltd.
2022-06-09 00:00:00+05:30,5.975724,0.0,Tata Consumer Products Ltd.
2023-05-19 00:00:00+05:30,8.346259,0.0,Tata Consumer Products Ltd.
2024-05-24 00:00:00+05:30,7.654853,0.0,Tata Consumer Products Ltd.
2025-05-29 00:00:00+05:30,8.25,0.0,Tata Consumer Products Ltd.
1999-05-13 00:00:00+05:30,0.22458,0.0,Tata Steel Ltd.
2000-04-06 00:00:00+05:30,0.22458,0.0,Tata Steel Ltd.
2001-05-24 00:00:00+05:30,0.280725,0.0,Tata Steel Ltd.
2002-05-28 00:00:00+05:30,0.22458,0.0,Tata Steel Ltd.
2003-06-09 00:00:00+05:30,0.44916,0.0,Tata Steel Ltd.
2004-06-08 00:00:00+05:30,0.56145,0.0,Tata Steel Ltd.
2004-08-11 00:00:00+05:30,0.0,1.5,Tata Steel Ltd.
2005-06-07 00:00:00+05:30,1.094828,0.0,Tata Steel Ltd.
2006-05-26 00:00:00+05:30,1.094828,0.0,Tata Steel Ltd.
2007-06-08 00:00:00+05:30,1.305371,0.0,Tata Steel Ltd.
2008-07-18 00:00:00+05:30,1.524379,0.0,Tata Steel Ltd.
2009-07-06 00:00:00+05:30,1.524379,0.0,Tata Steel Ltd.
2010-07-12 00:00:00+05:30,0.762189,0.0,Tata Steel Ltd.
2011-07-04 00:00:00+05:30,1.143284,0.0,Tata Steel Ltd.
2012-07-16 00:00:00+05:30,1.143284,0.0,Tata Steel Ltd.
2013-07-15 00:00:00+05:30,0.762189,0.0,Tata Steel Ltd.
2014-07-14 00:00:00+05:30,0.952737,0.0,Tata Steel Ltd.
2015-07-23 00:00:00+05:30,0.762189,0.0,Tata Steel Ltd.
2016-07-28 00:00:00+05:30,0.762189,0.0,Tata Steel Ltd.
2017-07-20 00:00:00+05:30,0.952737,0.0,Tata Steel Ltd.
2018-07-05 00:00:00+05:30,1.0,0.0,Tata Steel Ltd.
2019-07-04 00:00:00+05:30,1.3,0.0,Tata Steel Ltd.
2020-08-06 00:00:00+05:30,1.0,0.0,Tata Steel Ltd.
2021-06-17 00:00:00+05:30,2.5,0.0,Tata Steel Ltd.
2022-06-15 00:00:00+05:30,5.1,0.0,Tata Steel Ltd.
2022-07-28 00:00:00+05:30,0.0,10.0,Tata Steel Ltd.
2023-06-22 00:00:00+05:30,3.6,0.0,Tata Steel Ltd.
2024-06-21 00:00:00+05:30,3.6,0.0,Tata Steel Ltd.
2025-06-06 00:00:00+05:30,3.6,0.0,Tata Steel Ltd.
2007-03-21 00:00:00+05:30,0.375,0.0,Tech Mahindra Ltd.
2008-07-17 00:00:00+05:30,1.375,0.0,Tech Mahindra Ltd.
2008-10-27 00:00:00+05:30,1.0,0.0,Tech Mahindra Ltd.
2010-07-21 00:00:00+05:30,0.875,0.0,Tech Mahindra Ltd.
2011-08-04 00:00:00+05:30,1.0,0.0,Tech Mahindra Ltd.
2012-08-02 00:00:00+05:30,1.0,0.0,Tech Mahindra Ltd.
2013-09-19 00:00:00+05:30,1.25,0.0,Tech Mahindra Ltd.
2014-07-25 00:00:00+05:30,5.0,0.0,Tech Mahindra Ltd.
2015-03-19 00:00:00+05:30,0.0,2.0,Tech Mahindra Ltd.
2015-07-23 00:00:00+05:30,6.0,0.0,Tech Mahindra Ltd.
2016-07-28 00:00:00+05:30,12.0,0.0,Tech Mahindra Ltd.
2017-07-27 00:00:00+05:30,9.0,0.0,Tech Mahindra Ltd.
2018-07-26 00:00:00+05:30,14.0,0.0,Tech Mahindra Ltd.
2019-07-25 00:00:00+05:30,14.0,0.0,Tech Mahindra Ltd.
2020-03-02 00:00:00+05:30,10.0,0.0,Tech Mahindra Ltd.
2020-07-23 00:00:00+05:30,5.0,0.0,Tech Mahindra Ltd.
2020-10-29 00:00:00+05:30,30.0,0.0,Tech Mahindra Ltd.
2021-07-23 00:00:00+05:30,30.0,0.0,Tech Mahindra Ltd.
2021-11-02 00:00:00+05:30,15.0,0.0,Tech Mahindra Ltd.
2022-07-21 00:00:00+05:30,30.0,0.0,Tech Mahindra Ltd.
2022-11-09 00:00:00+05:30,18.0,0.0,Tech Mahindra Ltd.
2023-07-21 00:00:00+05:30,32.0,0.0,Tech Mahindra Ltd.
2023-11-02 00:00:00+05:30,12.0,0.0,Tech Mahindra Ltd.
2024-07-19 00:00:00+05:30,28.0,0.0,Tech Mahindra Ltd.
2024-10-31 00:00:00+05:30,15.0,0.0,Tech Mahindra Ltd.
2025-07-04 00:00:00+05:30,30.0,0.0,Tech Mahindra Ltd.
2025-10-20 00:00:00+05:30,15.0,0.0,Tech Mahindra Ltd.
2005-08-12 00:00:00+05:30,0.1,0.0,Titan Company Ltd.
2006-08-04 00:00:00+05:30,0.15,0.0,Titan Company Ltd.
2007-07-11 00:00:00+05:30,0.25,0.0,Titan Company Ltd.
2008-07-15 00:00:00+05:30,0.4,0.0,Titan Company Ltd.
2009-07-10 00:00:00+05:30,0.5,0.0,Titan Company Ltd.
2010-07-09 00:00:00+05:30,0.75,0.0,Titan Company Ltd.
2011-06-23 00:00:00+05:30,0.0,10.0,Titan Company Ltd.
2011-07-22 00:00:00+05:30,1.25,0.0,Titan Company Ltd.
2012-07-13 00:00:00+05:30,1.75,0.0,Titan Company Ltd.
2013-07-16 00:00:00+05:30,2.1,0.0,Titan Company Ltd.
2014-07-15 00:00:00+05:30,2.1,0.0,Titan Company Ltd.
2015-07-17 00:00:00+05:30,2.3,0.0,Titan Company Ltd.
2016-03-22 00:00:00+05:30,2.2,0.0,Titan Company Ltd.
2017-07-24 00:00:00+05:30,2.6,0.0,Titan Company Ltd.
2018-07-23 00:00:00+05:30,3.75,0.0,Titan Company Ltd.
2019-07-29 00:00:00+05:30,5.0,0.0,Titan Company Ltd.
2020-08-03 00:00:00+05:30,4.0,0.0,Titan Company Ltd.
2021-07-22 00:00:00+05:30,4.0,0.0,Titan Company Ltd.
2022-07-08 00:00:00+05:30,7.5,0.0,Titan Company Ltd.
2023-07-13 00:00:00+05:30,10.0,0.0,Titan Company Ltd.
2024-06-27 00:00:00+05:30,11.0,0.0,Titan Company Ltd.
2025-07-08 00:00:00+05:30,11.0,0.0,Titan Company Ltd.
2004-08-06 00:00:00+05:30,0.463255,0.0,Trent Ltd.
2005-04-29 00:00:00+05:30,0.50537,0.0,Trent Ltd.
2006-08-04 00:00:00+05:30,0.547484,0.0,Trent Ltd.
2007-05-08 00:00:00+05:30,0.589598,0.0,Trent Ltd.
2008-07-16 00:00:00+05:30,0.589598,0.0,Trent Ltd.
2009-07-31 00:00:00+05:30,0.463255,0.0,Trent Ltd.
2010-08-09 00:00:00+05:30,0.65,0.0,Trent Ltd.
2011-07-18 00:00:00+05:30,0.75,0.0,Trent Ltd.
2012-07-23 00:00:00+05:30,0.65,0.0,Trent Ltd.
2013-07-15 00:00:00+05:30,0.7,0.0,Trent Ltd.
2014-08-04 00:00:00+05:30,0.7,0.0,Trent Ltd.
2015-07-27 00:00:00+05:30,1.0,0.0,Trent Ltd.
2016-03-17 00:00:00+05:30,0.9,0.0,Trent Ltd.
2016-09-12 00:00:00+05:30,0.0,10.0,Trent Ltd.
2017-07-19 00:00:00+05:30,1.0,0.0,Trent Ltd.
2018-07-27 00:00:00+05:30,1.15,0.0,Trent Ltd.
2019-07-19 00:00:00+05:30,1.3,0.0,Trent Ltd.
2020-07-24 00:00:00+05:30,1.0,0.0,Trent Ltd.
2021-07-09 00:00:00+05:30,0.6,0.0,Trent Ltd.
2022-02-22 00:00:00+05:30,0.6,0.0,Trent Ltd.
2022-05-20 00:00:00+05:30,1.1,0.0,Trent Ltd.
2023-05-25 00:00:00+05:30,2.2,0.0,Trent Ltd.
2024-05-22 00:00:00+05:30,3.2,0.0,Trent Ltd.
2025-06-12 00:00:00+05:30,5.0,0.0,Trent Ltd.
2004-09-28 00:00:00+05:30,0.5,0.0,UltraTech Cement Ltd.
2005-08-11 00:00:00+05:30,0.75,0.0,UltraTech Cement Ltd.
2006-08-14 00:00:00+05:30,1.75,0.0,UltraTech Cement Ltd.
2007-03-15 00:00:00+05:30,4.0,0.0,UltraTech Cement Ltd.
2008-07-09 00:00:00+05:30,5.0,0.0,UltraTech Cement Ltd.
2009-07-09 00:00:00+05:30,5.0,0.0,UltraTech Cement Ltd.
2010-06-21 00:00:00+05:30,6.0,0.0,UltraTech Cement Ltd.
2011-08-25 00:00:00+05:30,6.0,0.0,UltraTech Cement Ltd.
2012-08-17 00:00:00+05:30,8.0,0.0,UltraTech Cement Ltd.
2013-07-17 00:00:00+05:30,9.0,0.0,UltraTech Cement Ltd.
2014-07-24 00:00:00+05:30,9.0,0.0,UltraTech Cement Ltd.
2015-08-14 00:00:00+05:30,9.0,0.0,UltraTech Cement Ltd.
2016-07-04 00:00:00+05:30,9.5,0.0,UltraTech Cement Ltd.
2017-07-10 00:00:00+05:30,10.0,0.0,UltraTech Cement Ltd.
2018-07-10 00:00:00+05:30,10.5,0.0,UltraTech Cement Ltd.
2019-07-10 00:00:00+05:30,11.5,0.0,UltraTech Cement Ltd.
2020-07-29 00:00:00+05:30,13.0,0.0,UltraTech Cement Ltd.
2021-08-02 00:00:00+05:30,37.0,0.0,UltraTech Cement Ltd.
2022-08-02 00:00:00+05:30,38.0,0.0,UltraTech Cement Ltd.
2023-07-27 00:00:00+05:30,38.0,0.0,UltraTech Cement Ltd.
2024-07-30 00:00:00+05:30,70.0,0.0,UltraTech Cement Ltd.
2025-07-25 00:00:00+05:30,77.5,0.0,UltraTech Cement Ltd.
1996-07-01 00:00:00+05:30,0.003125,0.0,Wipro Ltd.
1997-08-04 00:00:00+05:30,0.003125,0.0,Wipro Ltd.
1997-10-20 00:00:00+05:30,0.0,3.0,Wipro Ltd.
1998-06-15 00:00:00+05:30,0.005625,0.0,Wipro Ltd.
1999-07-05 00:00:00+05:30,0.005625,0.0,Wipro Ltd.
1999-09-27 00:00:00+05:30,0.0,5.0,Wipro Ltd.
2000-05-09 00:00:00+05:30,0.005625,0.0,Wipro Ltd.
2001-06-18 00:00:00+05:30,0.009375,0.0,Wipro Ltd.
2002-06-28 00:00:00+05:30,0.01875,0.0,Wipro Ltd.
2003-07-01 00:00:00+05:30,0.01875,0.0,Wipro Ltd.
2004-05-06 00:00:00+05:30,0.54375,0.0,Wipro Ltd.
2004-06-25 00:00:00+05:30,0.0,3.0,Wipro Ltd.
2005-06-29 00:00:00+05:30,0.28125,0.0,Wipro Ltd.
2005-08-22 00:00:00+05:30,0.0,2.0,Wipro Ltd.
2006-06-29 00:00:00+05:30,0.5625,0.0,Wipro Ltd.
2007-03-26 00:00:00+05:30,0.5625,0.0,Wipro Ltd.
2007-06-28 00:00:00+05:30,0.1125,0.0,Wipro Ltd.
2007-10-25 00:00:00+05:30,0.225,0.0,Wipro Ltd.
2008-06-27 00:00:00+05:30,0.45,0.0,Wipro Ltd.
2009-06-29 00:00:00+05:30,0.45,0.0,Wipro Ltd.
2010-06-15 00:00:00+05:30,0.674999,1.6666666666666667,Wipro Ltd.
2011-01-27 00:00:00+05:30,0.375,0.0,Wipro Ltd.
2011-06-29 00:00:00+05:30,0.75,0.0,Wipro Ltd.
2012-01-24 00:00:00+05:30,0.375,0.0,Wipro Ltd.
2012-06-28 00:00:00+05:30,0.75,0.0,Wipro Ltd.
2013-01-23 00:00:00+05:30,0.375,0.0,Wipro Ltd.
2013-06-27 00:00:00+05:30,0.9375,0.0,Wipro Ltd.
2014-01-22 00:00:00+05:30,0.5625,0.0,Wipro Ltd.
2014-07-21 00:00:00+05:30,0.9375,0.0,Wipro Ltd.
2015-01-22 00:00:00+05:30,0.9375,0.0,Wipro Ltd.
2015-07-20 00:00:00+05:30,1.3125,0.0,Wipro Ltd.
2016-01-25 00:00:00+05:30,0.9375,0.0,Wipro Ltd.
2016-07-11 00:00:00+05:30,0.1875,0.0,Wipro Ltd.
2017-02-02 00:00:00+05:30,0.375,0.0,Wipro Ltd.
2017-06-13 00:00:00+05:30,0.0,2.0,Wipro Ltd.
2018-01-31 00:00:00+05:30,0.375,0.0,Wipro Ltd.
2019-01-29 00:00:00+05:30,0.375,0.0,Wipro Ltd.
2019-03-06 00:00:00+05:30,0.0,1.3333333333333333,Wipro Ltd.
2020-01-24 00:00:00+05:30,0.5,0.0,Wipro Ltd.
2021-01-22 00:00:00+05:30,0.5,0.0,Wipro Ltd.
2022-01-21 00:00:00+05:30,0.5,0.0,Wipro Ltd.
2022-04-05 00:00:00+05:30,2.5,0.0,Wipro Ltd.
2023-01-24 00:00:00+05:30,0.5,0.0,Wipro Ltd.
2024-01-24 00:00:00+05:30,0.5,0.0,Wipro Ltd.
2024-12-03 00:00:00+05:30,0.0,2.0,Wipro Ltd.
2025-01-28 00:00:00+05:30,6.0,0.0,Wipro Ltd.
2025-07-28 00:00:00+05:30,5.0,0.0,Wipro Ltd.
2026-01-27 00:00:00+05:30,6.0,0.0,Wipro Ltd.
